const._no.,leading_candidate_2021,leading_party_2021,trailing_candidate_2021,trailing_party_2021,margin_2021,leading_candidate_2026,leading_party_2026,trailing_candidate_2026,trailing_party_2026,margin_2026,leading_party_2021_standard,trailing_party_2021_standard,leading_party_2026_standard,trailing_party_2026_standard,canonical_constituency_name,leading_coalition_2021,leading_coalition_2026,party_flip,coalition_flip,district_group,region,district,adj_deletions,asd_deletions,total_deletions,flip_to_bjp,deletions_exceed_margin,deletion_margin_ratio
1,Paresh Chandra Adhikary,AITC,Dadhiram Ray,BJP,14685,DADHIRAM RAY,Bharatiya Janata Party,ADHIKARY PARESH CHANDRA,All India Trinamool Congress,29584,AITC,BJP,BJP,AITC,Mekliganj,Others,NDA,True,True,Cooch Behar/Jalpaiguri,North Bengal,Cooch Behar,9240,21501.70648464164,30741.70648464164,1,True,1.0391328584586816
2,Sushil Barman,BJP,Girindra Nath Barman,AITC,26134,NISHITH PRAMANIK,Bharatiya Janata Party,DR. SABLU BARMAN,All India Trinamool Congress,57090,BJP,AITC,BJP,AITC,Mathabhanga,NDA,NDA,False,False,Cooch Behar/Jalpaiguri,North Bengal,Cooch Behar,9240,21501.70648464164,30741.70648464164,0,False,0.5384779555901495
3,Sukumar Roy,BJP,Binay Krishna Barman,AITC,14615,SUKUMAR RAY,Bharatiya Janata Party,PARTHA PRATIM RAY,All India Trinamool Congress,70384,BJP,AITC,BJP,AITC,Cooch Behar Uttar,NDA,NDA,False,False,Cooch Behar/Jalpaiguri,North Bengal,Cooch Behar,9240,21501.70648464164,30741.70648464164,0,False,0.43677123330077344
4,Nikhil Ranjan Dey,BJP,Avijit De Bhowmik,AITC,4799,RATHINDRA BOSE,Bharatiya Janata Party,AVIJIT DE BHOWMIK,All India Trinamool Congress,23284,BJP,AITC,BJP,AITC,Cooch Behar Dakshin,NDA,NDA,False,False,Cooch Behar/Jalpaiguri,North Bengal,Cooch Behar,9240,21501.70648464164,30741.70648464164,0,True,1.320293183501187
5,Baren Chandra Barman,BJP,Partha Pratim Ray,AITC,17815,SABITRI BARMAN,Bharatiya Janata Party,HARIHAR DAS,All India Trinamool Congress,25278,BJP,AITC,BJP,AITC,Sitalkuchi,NDA,NDA,False,False,Cooch Behar/Jalpaiguri,North Bengal,Cooch Behar,9240,21501.70648464164,30741.70648464164,0,True,1.216144729988197
6,Jagadish Chandra Barma Basunia,AITC,Dipak Kumar Roy,BJP,10112,SANGITA ROY,All India Trinamool Congress,ASHUTOSH BARMA,Bharatiya Janata Party,2721,AITC,BJP,AITC,BJP,Sitai,Others,Others,False,False,Cooch Behar/Jalpaiguri,North Bengal,Cooch Behar,9240,21501.70648464164,30741.70648464164,0,True,11.297944316296082
7,Nisith Pramanik,BJP,Udayan Guha,AITC,57,AJAY RAY,Bharatiya Janata Party,UDAYAN GUHA,All India Trinamool Congress,17447,BJP,AITC,BJP,AITC,Dinhata,NDA,NDA,False,False,Cooch Behar/Jalpaiguri,North Bengal,Cooch Behar,9240,21501.70648464164,30741.70648464164,0,True,1.7620053008907914
8,Mihir Goswami,BJP,Rabindra Nath Ghosh,AITC,23440,GIRIJA SHANKAR RAY,Bharatiya Janata Party,SAILENDRA NATH BARMA,All India Trinamool Congress,34613,BJP,AITC,BJP,AITC,Natabari,NDA,NDA,False,False,Cooch Behar/Jalpaiguri,North Bengal,Cooch Behar,9240,21501.70648464164,30741.70648464164,0,False,0.8881549268957224
9,Malati Rava Roy,BJP,Pranab Kumar Dey,AITC,31198,MALATI RAVA ROY,Bharatiya Janata Party,SHIBSANKAR PAUL,All India Trinamool Congress,26457,BJP,AITC,BJP,AITC,Tufanganj,NDA,NDA,False,False,Cooch Behar/Jalpaiguri,North Bengal,Cooch Behar,9240,21501.70648464164,30741.70648464164,0,True,1.1619498236626087
10,Manoj Kumar Oraon,BJP,Leos Kujar,AITC,11001,MANOJ KUMAR ORAON,Bharatiya Janata Party,RAJEEV TIRKEY,All India Trinamool Congress,52877,BJP,AITC,BJP,AITC,Kumargram,NDA,NDA,False,False,Cooch Behar/Jalpaiguri,North Bengal,Cooch Behar,9240,21501.70648464164,30741.70648464164,0,False,0.5813814415462609
11,Bishal Lama,BJP,Pasang Lama,AITC,28576,BISHAL LAMA,Bharatiya Janata Party,BIRENDRA BARA (ORAON),All India Trinamool Congress,37843,BJP,AITC,BJP,AITC,Kalchini,NDA,NDA,False,False,Cooch Behar/Jalpaiguri,North Bengal,Cooch Behar,9240,21501.70648464164,30741.70648464164,0,False,0.8123485581122437
12,Suman Kanjilal,BJP,Sourav Chakraborty,AITC,16007,PARITOSH DAS,Bharatiya Janata Party,SUMAN KANJILAL,All India Trinamool Congress,70420,BJP,AITC,BJP,AITC,Alipurduars,NDA,NDA,False,False,Cooch Behar/Jalpaiguri,North Bengal,Cooch Behar,9240,21501.70648464164,30741.70648464164,0,False,0.43654794780803235
13,Dipak Barman,BJP,Subhash Chanda Roy,AITC,3990,DIPAK BARMAN,Bharatiya Janata Party,SUBHASH CHANDRA ROY,All India Trinamool Congress,45999,BJP,AITC,BJP,AITC,Falakata,NDA,NDA,False,False,Cooch Behar/Jalpaiguri,North Bengal,Cooch Behar,9240,21501.70648464164,30741.70648464164,0,False,0.6683124955899398
14,Manoj Tigga,BJP,Rajesh Lakra,AITC,29685,LAXUMAN LIMBU,Bharatiya Janata Party,JAYPRAKASH TOPPO,All India Trinamool Congress,40910,BJP,AITC,BJP,AITC,Madarihat,NDA,NDA,False,False,Cooch Behar/Jalpaiguri,North Bengal,Cooch Behar,9240,21501.70648464164,30741.70648464164,0,False,0.7514472374637409
15,Bishnu Pada Ray,BJP,Mitali Roy,AITC,4355,NARESH ROY,Bharatiya Janata Party,NIRMAL CHANDRA ROY,All India Trinamool Congress,38550,BJP,AITC,BJP,AITC,Dhupguri,NDA,NDA,False,False,Cooch Behar/Jalpaiguri,North Bengal,Cooch Behar,9240,21501.70648464164,30741.70648464164,0,False,0.797450233064634
16,Kaushik Roy,BJP,Manoj Roy,AITC,11911,DALIM CHANDRA ROY,Bharatiya Janata Party,RAMMOHAN RAY,All India Trinamool Congress,56503,BJP,AITC,BJP,AITC,Maynaguri,NDA,NDA,False,False,Cooch Behar/Jalpaiguri,North Bengal,Cooch Behar,9240,21501.70648464164,30741.70648464164,0,False,0.5440721109435187
17,Pradip Kumar Barma,AITC,Sujit Singha,BJP,941,ANANTA DEB ADHIKARY,Bharatiya Janata Party,KRISHNA DAS,All India Trinamool Congress,68805,AITC,BJP,BJP,AITC,Jalpaiguri,Others,NDA,True,True,Cooch Behar/Jalpaiguri,North Bengal,Cooch Behar,9240,21501.70648464164,30741.70648464164,1,False,0.4467946585951841
18,Khageswar Roy,AITC,Supen Roy,BJP,15773,DINESH SARKAR,Bharatiya Janata Party,SWAPNA BARMAN,All India Trinamool Congress,21477,AITC,BJP,BJP,AITC,Rajganj,Others,NDA,True,True,Darjeeling/Dinajpur,North Bengal,Darjeeling,9240,21501.70648464164,30741.70648464164,1,True,1.4313780548792494
19,Sikha Chatteree,BJP,Goutam Deb,AITC,27593,SIKHA CHATTERJEE,Bharatiya Janata Party,RANJAN SIL SHARMA,All India Trinamool Congress,97715,BJP,AITC,BJP,AITC,Dabgram Phulbari,NDA,NDA,False,False,Darjeeling/Dinajpur,North Bengal,Darjeeling,9240,21501.70648464164,30741.70648464164,0,False,0.314605807548909
20,Bulu Chik Baraik,AITC,Mahesh Bagey,BJP,5465,SUKRA MUNDA,Bharatiya Janata Party,BULU CHIK BARAIK,All India Trinamool Congress,15492,AITC,BJP,BJP,AITC,Mal,Others,NDA,True,True,Darjeeling/Dinajpur,North Bengal,Darjeeling,9240,21501.70648464164,30741.70648464164,1,True,1.9843600880868604
21,Puna Bhengra,BJP,Joseph Munda,AITC,14402,PUNA BHENGRA,Bharatiya Janata Party,SANJAY KUJUR,All India Trinamool Congress,25858,BJP,AITC,BJP,AITC,Nagrakata,NDA,NDA,False,False,Darjeeling/Dinajpur,North Bengal,Darjeeling,9240,21501.70648464164,30741.70648464164,0,True,1.1888663657143492
22,Ruden Sada Lepcha,GJM(Tamang),Suva Pradhan,BJP,3870,BHARAT KUMAR CHETRI,Bharatiya Janata Party,RUDEN SADA LEPCHA,Bharatiya Gorkha Prajatantrik Morcha,21464,GJM,BJP,BJP,BGPM,Kalimpong,Others,NDA,True,True,Darjeeling/Dinajpur,North Bengal,Darjeeling,9240,21501.70648464164,30741.70648464164,0,True,1.4322449908983246
23,Neeraj Zimba,BJP,Keshav Raj Sharma,GJM(Tamang),21726,NOMAN RAI,Bharatiya Janata Party,BIJOY KUMAR RAI,Bharatiya Gorkha Prajatantrik Morcha,6057,BJP,GJM,BJP,BGPM,Darjeeling,NDA,NDA,False,False,Darjeeling/Dinajpur,North Bengal,Darjeeling,9240,21501.70648464164,30741.70648464164,0,True,5.075401433818993
24,Bishnu Prasad Sharma,BJP,Tshering Lama Dahal,GJM(Tamang),15515,SONAM LAMA,Bharatiya Janata Party,AMAR LAMA,Bharatiya Gorkha Prajatantrik Morcha,17007,BJP,GJM,BJP,BGPM,Kurseong,NDA,NDA,False,False,Darjeeling/Dinajpur,North Bengal,Darjeeling,9240,21501.70648464164,30741.70648464164,0,True,1.8075913732369988
25,Anandamoy Barman,BJP,Rajen Sundas,AITC,70848,ANANDAMAY BARMAN,Bharatiya Janata Party,SHANKAR MALAKAR,All India Trinamool Congress,104265,BJP,AITC,BJP,AITC,Matigara Naxalbari,NDA,NDA,False,False,Darjeeling/Dinajpur,North Bengal,Darjeeling,9240,21501.70648464164,30741.70648464164,0,False,0.2948420513560796
26,Shankar Ghosh,BJP,Om Prakash Mishra,AITC,35586,SHANKAR GHOSH,Bharatiya Janata Party,GOUTAM DEB,All India Trinamool Congress,73192,BJP,AITC,BJP,AITC,Siliguri,NDA,NDA,False,False,Darjeeling/Dinajpur,North Bengal,Darjeeling,9240,21501.70648464164,30741.70648464164,0,False,0.42001457105478246
27,Durga Murmu,BJP,Choton Kisku,AITC,27711,DURGA MURMU,Bharatiya Janata Party,REENA TOPNO EKKA,All India Trinamool Congress,45263,BJP,AITC,BJP,AITC,Phansidewa,NDA,NDA,False,False,Darjeeling/Dinajpur,North Bengal,Darjeeling,9240,21501.70648464164,30741.70648464164,0,False,0.6791796055197764
28,Hamidul Rahaman,AITC,Md. Shahin Akhtar,BJP,65319,HAMIDUL RAHAMAN,All India Trinamool Congress,SANKAR ADHIKARI,Bharatiya Janata Party,69124,AITC,BJP,AITC,BJP,Chopra,Others,Others,False,False,Darjeeling/Dinajpur,North Bengal,Darjeeling,9240,21501.70648464164,30741.70648464164,0,False,0.44473274817200453
29,Abdul Karim Chowdhury,AITC,Saumya Roop Mandal,BJP,37440,AGARWAL KANAIA LAL,All India Trinamool Congress,CHITRAJIT ROY,Bharatiya Janata Party,40063,AITC,BJP,AITC,BJP,Islampur,Others,Others,False,False,Darjeeling/Dinajpur,North Bengal,Darjeeling,9240,21501.70648464164,30741.70648464164,0,False,0.767334110891387
30,Md. Ghulam Rabbani,AITC,Gulam Sarwar,BJP,73514,MD GHULAM RABBANI,All India Trinamool Congress,SARAJIT BISWAS,Bharatiya Janata Party,83790,AITC,BJP,AITC,BJP,Goalpokhar,Others,Others,False,False,Darjeeling/Dinajpur,North Bengal,Darjeeling,9240,21501.70648464164,30741.70648464164,0,False,0.3668899210483547
31,Minhajul Arfin Azad,AITC,Sachin Prasad,BJP,33837,AZAD MINHAJUL ARFIN,All India Trinamool Congress,MANOJ KUMAR JAIN,Bharatiya Janata Party,28011,AITC,BJP,AITC,BJP,Chakulia,Others,Others,False,False,Malda/Murshidabad,North Bengal,Malda,19167,21501.70648464164,40668.70648464164,0,True,1.4518834202506743
32,Goutam Pal,AITC,Subhash Singha,BJP,36626,BIRAJ BISWAS,Bharatiya Janata Party,GOUTAM PAUL,All India Trinamool Congress,19869,AITC,BJP,BJP,AITC,Karandighi,Others,NDA,True,True,Malda/Murshidabad,North Bengal,Malda,19167,21501.70648464164,40668.70648464164,1,True,2.046842140250724
33,Satyajit Burman,AITC,Chandima Roy,BJP,27215,HARIPADA BARMAN,Bharatiya Janata Party,SATYAJIT BARMAN,All India Trinamool Congress,12361,AITC,BJP,BJP,AITC,Hemtabad,Others,NDA,True,True,Malda/Murshidabad,North Bengal,Malda,19167,21501.70648464164,40668.70648464164,1,True,3.290082233204566
34,Soumen Roy,BJP,Tapan Dev Singha,AITC,21820,UTPAL BRAHMACHARO,Bharatiya Janata Party,NITAI BAISHYA,All India Trinamool Congress,76425,BJP,AITC,BJP,AITC,Kaliaganj,NDA,NDA,False,False,Malda/Murshidabad,North Bengal,Malda,19167,21501.70648464164,40668.70648464164,0,False,0.5321387829197467
35,Krishna Kalyani,BJP,Kanaia Lal Agarwal,AITC,20748,KOUSHIK CHOWDHURY,Bharatiya Janata Party,KRISHNA KALYANI,All India Trinamool Congress,58641,BJP,AITC,BJP,AITC,Raiganj,NDA,NDA,False,False,Malda/Murshidabad,North Bengal,Malda,19167,21501.70648464164,40668.70648464164,0,False,0.6935200028076199
36,Mosaraf Hossain,AITC,Amit Kumar Kundu,BJP,43975,MOSARAF HUSSEN,All India Trinamool Congress,SABITA BARMAN,Bharatiya Janata Party,27878,AITC,BJP,AITC,BJP,Itahar,Others,Others,False,False,Malda/Murshidabad,North Bengal,Malda,19167,21501.70648464164,40668.70648464164,0,True,1.458810046798251
37,Rekha Roy,AITC,Ranjit Kumar Roy,BJP,12584,TAPAS CHANDRA ROY,Bharatiya Janata Party,REKHA ROY,All India Trinamool Congress,9063,AITC,BJP,BJP,AITC,Kushmandi,Others,NDA,True,True,Malda/Murshidabad,North Bengal,Malda,19167,21501.70648464164,40668.70648464164,1,True,4.487333828163041
38,Toraf Hossain Mondal,AITC,Manas Sarkar,BJP,29381,TORAF HOSSAIN MANDAL,All India Trinamool Congress,SUBHENDU SARKAR,Bharatiya Janata Party,6685,AITC,BJP,AITC,BJP,Kumarganj,Others,Others,False,False,Malda/Murshidabad,North Bengal,Malda,19167,21501.70648464164,40668.70648464164,0,True,6.083576138315878
39,Ashok Lahiri,BJP,Sekhar Dasgupta,AITC,12899,BIDYUT KUMAR ROY,Bharatiya Janata Party,ARPITA GHOSH,All India Trinamool Congress,47576,BJP,AITC,BJP,AITC,Balurghat,NDA,NDA,False,False,Malda/Murshidabad,North Bengal,Malda,19167,21501.70648464164,40668.70648464164,0,False,0.8548155894703556
40,Budhrai Tudu,BJP,Kalpana Kisku,AITC,1650,BUDHRAI TUDU,Bharatiya Janata Party,CHINTAMANI BIHA,All India Trinamool Congress,36987,BJP,AITC,BJP,AITC,Tapan,NDA,NDA,False,False,Malda/Murshidabad,North Bengal,Malda,19167,21501.70648464164,40668.70648464164,0,True,1.099540554374284
41,Satyendra Nath Ray,BJP,Goutam Das,AITC,4592,SATYENDRA NATH ROY,Bharatiya Janata Party,Goutam Das,All India Trinamool Congress,28339,BJP,AITC,BJP,AITC,Gangarampur,NDA,NDA,False,False,Malda/Murshidabad,North Bengal,Malda,19167,21501.70648464164,40668.70648464164,0,True,1.4350790954035655
42,Biplab Mitra,AITC,Nilanjan Roy,BJP,22672,BIPLAB MITRA,All India Trinamool Congress,DEBABRATA MAJUMDER,Bharatiya Janata Party,1986,AITC,BJP,AITC,BJP,Harirampur,Others,Others,False,False,Malda/Murshidabad,North Bengal,Malda,19167,21501.70648464164,40668.70648464164,0,True,20.477697122176053
43,Joyel Murmu,BJP,Prodip Baskey,AITC,19517,JOYEL MURMU,Bharatiya Janata Party,AMAL KISKU,All India Trinamool Congress,78188,BJP,AITC,BJP,AITC,Habibpur,NDA,NDA,False,False,Malda/Murshidabad,North Bengal,Malda,19167,21501.70648464164,40668.70648464164,0,False,0.520140002105715
44,Chinmoy Deb Barman,BJP,Basanti Barman,AITC,1798,CHINMOY DEB BARMAN,Bharatiya Janata Party,PRASENJIT DAS,All India Trinamool Congress,38192,BJP,AITC,BJP,AITC,Gazole,NDA,NDA,False,False,Malda/Murshidabad,North Bengal,Malda,19167,21501.70648464164,40668.70648464164,0,True,1.064848829195686
45,Nihar Ranjan Ghosh,AITC,Dipankar Ram,BJP,67338,PRASUN BANERJEE,All India Trinamool Congress,RATAN DAS,Bharatiya Janata Party,63874,AITC,BJP,AITC,BJP,Chanchal,Others,Others,False,False,Malda/Murshidabad,North Bengal,Malda,19167,21501.70648464164,40668.70648464164,0,False,0.6367020459755399
46,Tajmul Hossain,AITC,Matibur Rahaman,BJP,77473,MD. MATIBUR RAHAMAN,All India Trinamool Congress,RATAN DAS,Bharatiya Janata Party,48271,AITC,BJP,AITC,BJP,Harishchandrapur,Others,Others,False,False,Malda/Murshidabad,North Bengal,Malda,19167,21501.70648464164,40668.70648464164,0,False,0.8425080583505964
47,Abdur Rahim Boxi,AITC,Mousumi Das,BJP,91949,ABDUR RAHIM BOXI,All India Trinamool Congress,MAUSAM B NOOR,Indian National Congress,59747,AITC,BJP,AITC,INC,Malatipur,Others,Others,False,False,Malda/Murshidabad,North Bengal,Malda,19167,21501.70648464164,40668.70648464164,0,False,0.6806819837756145
48,Samar Mukherjee,AITC,Abhishek Singhania,BJP,75650,SAMAR MUKHERJEE,All India Trinamool Congress,ABISHEK SINGHANIA,Bharatiya Janata Party,32562,AITC,BJP,AITC,BJP,Ratua,Others,Others,False,False,Malda/Murshidabad,North Bengal,Malda,19167,21501.70648464164,40668.70648464164,0,True,1.248962179369868
49,Sabitri Mitra,AITC,Gour Chandra Mandal,BJP,33878,GOUR CHANDRA MANDAL,Bharatiya Janata Party,KABITA MANDAL,All India Trinamool Congress,13938,AITC,BJP,BJP,AITC,Manikchak,Others,NDA,True,True,Malda/Murshidabad,North Bengal,Malda,19167,21501.70648464164,40668.70648464164,1,True,2.917829422057802
50,Gopal Chandra Saha,BJP,Ujjwal Kumar Chowdhury,AITC,15456,GOPAL CHANDRA SAHA,Bharatiya Janata Party,LIPIKA BARMAN GHOSH,All India Trinamool Congress,50128,BJP,AITC,BJP,AITC,Maldaha,NDA,NDA,False,False,Murshidabad,Central,Murshidabad,22500,21501.70648464164,44001.70648464164,0,False,0.8777869949856695
51,Sreerupa Mitra Chaudhury,BJP,Krishnendu Narayan Choudhury,AITC,20099,AMLAN BHADURI (BURO),Bharatiya Janata Party,ASIS KUNDU (PATA),All India Trinamool Congress,93784,BJP,AITC,BJP,AITC,English Bazar,NDA,NDA,False,False,Murshidabad,Central,Murshidabad,22500,21501.70648464164,44001.70648464164,0,False,0.4691813793892523
52,Yeasmin Sabina,AITC,Shyamchand Ghosh,BJP,56573,ISLAM MD NAJRUL,All India Trinamool Congress,NIBARAN GHOSH,Bharatiya Janata Party,10496,AITC,BJP,AITC,BJP,Mothabari,Others,Others,False,False,Murshidabad,Central,Murshidabad,22500,21501.70648464164,44001.70648464164,0,True,4.1922357550154
53,Md. Abdul Ghani,AITC,Isha Khan Choudhury,INC,130163,SABINA YEASMIN,All India Trinamool Congress,ABDUL HANNAN,Indian National Congress,60287,AITC,INC,AITC,INC,Sujapur,Others,Others,False,False,Murshidabad,Central,Murshidabad,22500,21501.70648464164,44001.70648464164,0,False,0.7298705605626692
54,Chandana Sarkar,AITC,Swadhin Kumar Sarkar,BJP,2471,RAJU KARMAKAR,Bharatiya Janata Party,CHANDANA SARKAR,All India Trinamool Congress,46881,AITC,BJP,BJP,AITC,Baisnabnagar,Others,NDA,True,True,Murshidabad,Central,Murshidabad,22500,21501.70648464164,44001.70648464164,1,False,0.9385829330569236
55,Manirul Islam,AITC,Hemanta Ghosh,BJP,59945,MOTAB SHAIKH,Indian National Congress,SUNIL CHOWDHURI,Bharatiya Janata Party,8193,AITC,BJP,INC,BJP,Farakka,Others,Others,True,False,Murshidabad,Central,Murshidabad,22500,21501.70648464164,44001.70648464164,0,True,5.370646464621218
56,Amirul Islam,AITC,Zaidur Rahaman,INC,26379,MOHAMMED NOOR ALAM,All India Trinamool Congress,MD NAJME ALAM,Indian National Congress,7587,AITC,INC,AITC,INC,Samserganj,Others,Others,False,False,Murshidabad,Central,Murshidabad,22500,21501.70648464164,44001.70648464164,0,True,5.799618621937741
57,Emani Biswas,AITC,Koushik Das,BJP,70701,EMANI BISWAS,All India Trinamool Congress,MAHABIR GHOSH,Bharatiya Janata Party,12357,AITC,BJP,AITC,BJP,Suti,Others,Others,False,False,Murshidabad,Central,Murshidabad,22500,21501.70648464164,44001.70648464164,0,True,3.560872904802269
58,Jakir Hossain,AITC,Sujit Das,BJP,92480,CHITTA MUKHERJEE,Bharatiya Janata Party,JAKIR HOSSAIN,All India Trinamool Congress,10542,AITC,BJP,BJP,AITC,Jangipur,Others,NDA,True,True,Murshidabad,Central,Murshidabad,22500,21501.70648464164,44001.70648464164,1,True,4.173942941058778
59,Akhruzzaman,AITC,Golam Modaswer,BJP,98313,AKHRUZZAMAN,All India Trinamool Congress,NASIR SAIKH,Indian National Congress,40555,AITC,BJP,AITC,INC,Raghunathganj,Others,Others,False,False,Murshidabad,Central,Murshidabad,22500,21501.70648464164,44001.70648464164,0,True,1.0849884474082514
60,Subrata Saha,AITC,Mafuja Khatun,BJP,50206,BAYRON BISWAS,All India Trinamool Congress,TAPAS KUMAR CHAKRABORTY,Bharatiya Janata Party,34260,AITC,BJP,AITC,BJP,Sagardighi,Others,Others,False,False,Murshidabad,Central,Murshidabad,22500,21501.70648464164,44001.70648464164,0,True,1.28434636557623
61,Mohammad Ali,AITC,Abu Hena,INC,60707,ABDUL AZIZ DOCTOR,All India Trinamool Congress,TOUHIDUR RAHAMAN SUMAN,Indian National Congress,18960,AITC,INC,AITC,INC,Lalgola,Others,Others,False,False,Murshidabad,Central,Murshidabad,22500,21501.70648464164,44001.70648464164,0,True,2.3207651099494537
62,Idris Ali,AITC,Md Kamal Hossain,CPI(M),106008,REYAT HOSSAIN SARKAR,All India Trinamool Congress,MAHAMUDAL HASAN,Communist Party of India (Marxist),56407,AITC,CPI(M),AITC,CPI(M),Bhagabangola,Others,Others,False,False,Murshidabad,Central,Murshidabad,22500,21501.70648464164,44001.70648464164,0,False,0.7800752829372531
63,Abdul Soumik Hossain,AITC,Firoza Begam,INC,79702,JULFIKAR ALI,Indian National Congress,ABDUL SOUMIK HOSSAIN,All India Trinamool Congress,2701,AITC,INC,INC,AITC,Raninagar,Others,Others,True,False,Murshidabad,Central,Murshidabad,22500,21501.70648464164,44001.70648464164,0,True,16.29089466295507
64,Gouri Shankar Ghosh,BJP,Shaoni Singha Roy,AITC,2491,GOURI SANKAR GHOSH,Bharatiya Janata Party,SHAONI SINGHA ROY,All India Trinamool Congress,31521,BJP,AITC,BJP,AITC,Murshidabad,NDA,NDA,False,False,Murshidabad,Central,Murshidabad,22500,21501.70648464164,44001.70648464164,0,True,1.3959489383154609
65,Kanai Chandra Mondal,AITC,Mohan Halder,BJP,35533,DILIP SAHA,Bharatiya Janata Party,PRONAB CHANDRA DAS,All India Trinamool Congress,5919,AITC,BJP,BJP,AITC,Nabagram,Others,NDA,True,True,Murshidabad,Central,Murshidabad,22500,21501.70648464164,44001.70648464164,1,True,7.433976429234945
66,Ashis Marjit,AITC,Aditya Moulik,BJP,32573,MITALI MAL,Bharatiya Janata Party,ASHIS MARJIT,All India Trinamool Congress,9333,AITC,BJP,BJP,AITC,Khargram,Others,NDA,True,True,Murshidabad,Central,Murshidabad,22500,21501.70648464164,44001.70648464164,1,True,4.714636931816312
67,Jiban Krishna Saha,AITC,Amiya Kumar Das,BJP,2749,SUKHEN KUMAR BAGDI,Bharatiya Janata Party,PROTIMA RAJAK,All India Trinamool Congress,22300,AITC,BJP,BJP,AITC,Burwan,Others,NDA,True,True,Murshidabad,Central,Murshidabad,22500,21501.70648464164,44001.70648464164,1,True,1.973170694378549
68,Apurba Sarkar,AITC,Goutam Roy,BJP,38080,GARGI DAS GHOSH,Bharatiya Janata Party,APURBA SARKAR (DAVID),All India Trinamool Congress,10335,AITC,BJP,BJP,AITC,Kandi,Others,NDA,True,True,Murshidabad,Central,Murshidabad,22500,21501.70648464164,44001.70648464164,1,True,4.2575429593267184
69,Humayun Kabir,AITC,Iman Kalyan Mukherjee,BJP,43083,MUSTAFIJUR RAHAMAN (SUMAN),All India Trinamool Congress,ANAMIKA GHOSH,Bharatiya Janata Party,30753,AITC,BJP,AITC,BJP,Bharatpur,Others,Others,False,False,Murshidabad,Central,Murshidabad,22500,21501.70648464164,44001.70648464164,0,True,1.4308102131382838
70,Rabiul Alam Chowdhury,AITC,Arabinda Biswas,BJP,68268,HUMAYUN KABIR,Aam Janata Unnayan party,BAPAN GHOSH,Bharatiya Janata Party,58876,AITC,BJP,AJUP,BJP,Rejinagar,Others,Others,True,False,Murshidabad,Central,Murshidabad,22500,21501.70648464164,44001.70648464164,0,False,0.7473623630111019
71,SK Hasanuzzaman,AITC,Sumit Ghosh,BJP,53832,BHARAT KUMAR JHAWAR,Bharatiya Janata Party,RABIUL ALAM CHOWDHURY,All India Trinamool Congress,13208,AITC,BJP,BJP,AITC,Beldanga,Others,NDA,True,True,Nadia/North 24 Parganas,South Bengal,Nadia,23181,21501.70648464164,44682.70648464164,1,True,3.3830032165840125
72,Subrata Maitra,BJP,Naru Gopal Mukherjee,AITC,26852,SUBRATA MAITRA (KANCHAN),Bharatiya Janata Party,ADHIR RANJAN CHOWDHURY,Indian National Congress,17548,BJP,AITC,BJP,INC,Baharampur,NDA,NDA,False,False,Nadia/North 24 Parganas,South Bengal,Nadia,23181,21501.70648464164,44682.70648464164,0,True,2.5463133396764097
73,Niamot Sheikh,AITC,Mir Alamgir,INC,14066,NIAMOT SHEIKH,All India Trinamool Congress,BIJOY SEKH,Aam Janata Unnayan party,12665,AITC,INC,AITC,AJUP,Hariharpara,Others,Others,False,False,Nadia/North 24 Parganas,South Bengal,Nadia,23181,21501.70648464164,44682.70648464164,0,True,3.5280463075121706
74,Sahina Momtaz Khan,AITC,Anupam Mandal,BJP,74153,HUMAYUN KABIR,Aam Janata Unnayan party,RANA MANDAL,Bharatiya Janata Party,27943,AITC,BJP,AJUP,BJP,Naoda,Others,Others,True,False,Nadia/North 24 Parganas,South Bengal,Nadia,23181,21501.70648464164,44682.70648464164,0,True,1.599066187762289
75,Jafikul Islam,AITC,Md Mostafizur Rahaman,CPI(M),47229,MD. MOSTAFIJUR RAHAMAN,Communist Party of India (Marxist),HUMAYUN KABIR,All India Trinamool Congress,16296,AITC,CPI(M),CPI(M),AITC,Domkal,Others,Others,True,False,Nadia/North 24 Parganas,South Bengal,Nadia,23181,21501.70648464164,44682.70648464164,0,True,2.741943205979482
76,Abdur Razzak,AITC,Saiful Islam Molla,CPI(M),79276,BABAR ALI,All India Trinamool Congress,IANUS ALI SARKAR,Communist Party of India (Marxist),21516,AITC,CPI(M),AITC,CPI(M),Jalangi,Others,Others,False,False,Nadia/North 24 Parganas,South Bengal,Nadia,23181,21501.70648464164,44682.70648464164,0,True,2.076719951879608
77,Bimlendu Sinha Roy,AITC,Samarendra Nath Ghosh,BJP,23575,SAMARENDRANATH GHOSH,Bharatiya Janata Party,SOHAM CHAKRABORTY,All India Trinamool Congress,10185,AITC,BJP,BJP,AITC,Karimpur,Others,NDA,True,True,Nadia/North 24 Parganas,South Bengal,Nadia,23181,21501.70648464164,44682.70648464164,1,True,4.387109129567171
78,Tapas Kumar Saha,AITC,Ashutosh Paul,BJP,6915,SUBRATA KABIRAJ,Bharatiya Janata Party,DILIP KUMAR PODDAR,All India Trinamool Congress,28253,AITC,BJP,BJP,AITC,Tehatta,Others,NDA,True,True,Nadia/North 24 Parganas,South Bengal,Nadia,23181,21501.70648464164,44682.70648464164,1,True,1.5815207760111012
79,Dr. Manik Bhattacharya,AITC,Bibhash Chandra Mandal,BJP,51336,RUKBANUR RAHMAN,All India Trinamool Congress,ANIMA DUTTA,Bharatiya Janata Party,11454,AITC,BJP,AITC,BJP,Palashipara,Others,Others,False,False,Nadia/North 24 Parganas,South Bengal,Nadia,23181,21501.70648464164,44682.70648464164,0,True,3.9010569656575553
80,Nasiruddin Ahamed,AITC,Abhijit Ghosh,BJP,46987,ALIFA AHMED,All India Trinamool Congress,BAPAN GHOSH,Bharatiya Janata Party,10172,AITC,BJP,AITC,BJP,Kaliganj,Others,Others,False,False,Nadia/North 24 Parganas,South Bengal,Nadia,23181,21501.70648464164,44682.70648464164,0,True,4.392715934392611
81,Kallol Khan,AITC,Santanu Dey,BJP,21271,SANTANU DEY,Bharatiya Janata Party,KALLOL KHAN,All India Trinamool Congress,17327,AITC,BJP,BJP,AITC,Nakashipara,Others,NDA,True,True,Nadia/North 24 Parganas,South Bengal,Nadia,23181,21501.70648464164,44682.70648464164,1,True,2.5787907014856373
82,Rukbanur Rahman,AITC,Jeber Sekh,IND,12118,JEBER SEKH,All India Trinamool Congress,SAIKAT SARKAR,Bharatiya Janata Party,30780,AITC,IND,AITC,BJP,Chapra,Others,Others,False,False,Nadia/North 24 Parganas,South Bengal,Nadia,23181,21501.70648464164,44682.70648464164,0,True,1.4516798727953748
83,Mukul Roy,BJP,Koushani Mukherjee,AITC,35089,TARAK NATH CHATTERJEE,Bharatiya Janata Party,SOMNATH DUTTA,All India Trinamool Congress,78361,BJP,AITC,BJP,AITC,Krishnanagar Uttar,NDA,NDA,False,False,Nadia/North 24 Parganas,South Bengal,Nadia,23181,21501.70648464164,44682.70648464164,0,False,0.5702161341055071
84,Pundarikakshya Saha,AITC,Sidhartha Shankar Naskar,BJP,18571,SRUTISEKHAR GOSWAMI,Bharatiya Janata Party,PUNDARIKAKSHYA SAHA,All India Trinamool Congress,21444,AITC,BJP,BJP,AITC,Nabadwip,Others,NDA,True,True,Nadia/North 24 Parganas,South Bengal,Nadia,23181,21501.70648464164,44682.70648464164,1,True,2.0836927105316936
85,Ujjal Biswas,AITC,Mahadev Sarkar,BJP,9305,SADHAN GHOSH,Bharatiya Janata Party,UJJAL BISWAS,All India Trinamool Congress,27801,AITC,BJP,BJP,AITC,Krishnanagar Dakshin,Others,NDA,True,True,Nadia/North 24 Parganas,South Bengal,Nadia,23181,21501.70648464164,44682.70648464164,1,True,1.6072337860020014
86,Jagannath Sarkar,BJP,Ajoy Dey,AITC,15878,SWAPAN KUMAR DAS,Bharatiya Janata Party,BRAJAKISHORE GOSWAMI,All India Trinamool Congress,45376,BJP,AITC,BJP,AITC,Santipur,NDA,NDA,False,False,Nadia/North 24 Parganas,South Bengal,Nadia,23181,21501.70648464164,44682.70648464164,0,False,0.9847211407934071
87,Parthasarathi Chatterjee,BJP,Sankar Singha,AITC,23128,PARTHA SARATHI CHATTERJEE(BABU),Bharatiya Janata Party,TAPAS KUMAR GHOSH,All India Trinamool Congress,57551,BJP,AITC,BJP,AITC,Ranaghat Uttar Paschim,NDA,NDA,False,False,Nadia/North 24 Parganas,South Bengal,Nadia,23181,21501.70648464164,44682.70648464164,0,False,0.7764019128189196
88,Ashis Kumar Biswas,BJP,Dr. Tapas Mandal,AITC,21277,SUKANTA BISWAS,Bharatiya Janata Party,SAMIR KUMAR PODDAR,All India Trinamool Congress,60899,BJP,AITC,BJP,AITC,Krishnaganj,NDA,NDA,False,False,Nadia/North 24 Parganas,South Bengal,Nadia,23181,21501.70648464164,44682.70648464164,0,False,0.7337182299322097
89,Ashim Biswas,BJP,Samir Kumar Poddar,AITC,31782,ASHIM BISWAS,Bharatiya Janata Party,BARNALI DEY ROY,All India Trinamool Congress,51743,BJP,AITC,BJP,AITC,Ranaghat Uttar Purba,NDA,NDA,False,False,Nadia/North 24 Parganas,South Bengal,Nadia,23181,21501.70648464164,44682.70648464164,0,False,0.8635507505293787
90,Mukut Mani Adhikari,BJP,Barnali Dey Roy,AITC,16515,ASHIM KUMAR BISWAS,Bharatiya Janata Party,SOUGATA KUMAR BURMAN,All India Trinamool Congress,64464,BJP,AITC,BJP,AITC,Ranaghat Dakshin,NDA,NDA,False,False,Nadia/North 24 Parganas,South Bengal,Nadia,23181,21501.70648464164,44682.70648464164,0,False,0.6931420092554238
91,Bankim Chandra Ghosh,BJP,Subhankar Singha,AITC,11680,BANKIM CHANDRA GHOSH,Bharatiya Janata Party,SUBHANKAR SINGHA (JISHU),All India Trinamool Congress,36945,BJP,AITC,BJP,AITC,Chakdaha,NDA,NDA,False,False,Nadia/North 24 Parganas,South Bengal,Nadia,23181,21501.70648464164,44682.70648464164,0,True,1.2094385298319568
92,Ambika Roy,BJP,Aniruddha Biswas,AITC,2206,ANUPAM BISWAS,Bharatiya Janata Party,DR. ATINDRA NATH MONDAL,All India Trinamool Congress,34792,BJP,AITC,BJP,AITC,Kalyani,NDA,NDA,False,False,Nadia/North 24 Parganas,South Bengal,Nadia,23181,21501.70648464164,44682.70648464164,0,True,1.284281055548449
93,Asim Kumar Sarkar,BJP,Nilima Nag,AITC,15200,ASIM KUMAR SARKAR,Bharatiya Janata Party,DR. RAJIB BISWAS.,All India Trinamool Congress,22055,BJP,AITC,BJP,AITC,Haringhata,NDA,NDA,False,False,Nadia/North 24 Parganas,South Bengal,Nadia,23181,21501.70648464164,44682.70648464164,0,True,2.025967194950879
94,Biswajit Das,BJP,Paritosh Kumar Saha,AITC,9792,SOMA THAKUR,Bharatiya Janata Party,MADHUPARNA THAKUR,All India Trinamool Congress,34616,BJP,AITC,BJP,AITC,Bagda,NDA,NDA,False,False,Nadia/North 24 Parganas,South Bengal,Nadia,23181,21501.70648464164,44682.70648464164,0,True,1.2908107951421781
95,Ashok Kirtania,BJP,Shyamal Roy,AITC,10488,ASHOK KIRTANIA,Bharatiya Janata Party,BISWAJIT DAS,All India Trinamool Congress,40670,BJP,AITC,BJP,AITC,Bangaon Uttar,NDA,NDA,False,False,North 24 Parganas,Greater Kolkata,North 24 Parganas,12526,21501.70648464164,34027.70648464164,0,False,0.8366783005813041
96,Swapan Majumder,BJP,Alo Rani Sarkar,AITC,2004,SWAPAN MAJUMDER,Bharatiya Janata Party,RITUPARNA ADDHYA,All India Trinamool Congress,37814,BJP,AITC,BJP,AITC,Bangaon Dakshin,NDA,NDA,False,False,North 24 Parganas,Greater Kolkata,North 24 Parganas,12526,21501.70648464164,34027.70648464164,0,False,0.8998705898514212
97,Subrata Thakur,BJP,Narottam Biswas,AITC,9578,SUBRATA THAKUR,Bharatiya Janata Party,NAROTTAM BISWAS,All India Trinamool Congress,47683,BJP,AITC,BJP,AITC,Gaighata,NDA,NDA,False,False,North 24 Parganas,Greater Kolkata,North 24 Parganas,12526,21501.70648464164,34027.70648464164,0,False,0.7136234398976918
98,Bina Mondal,AITC,Brindaban Sarkar,BJP,34800,BINA MONDAL,All India Trinamool Congress,TARAK SAHA,Bharatiya Janata Party,16017,AITC,BJP,AITC,BJP,Swarupnagar,Others,Others,False,False,North 24 Parganas,Greater Kolkata,North 24 Parganas,12526,21501.70648464164,34027.70648464164,0,True,2.1244744012387864
99,Abdur Rahim Quazi,AITC,Sukalyan Baidya,BJP,56444,BURHANUL MUKADDIM (LITON),All India Trinamool Congress,SUKRITI KUMAR SARKAR,Bharatiya Janata Party,40061,AITC,BJP,AITC,BJP,Baduria,Others,Others,False,False,North 24 Parganas,Greater Kolkata,North 24 Parganas,12526,21501.70648464164,34027.70648464164,0,False,0.8493973311859824
100,Jyotipriya Mallick,AITC,Biswajit Sinha,BJP,3841,DEBDAS MONDAL,Bharatiya Janata Party,JYOTI PRIYA MALLICK,All India Trinamool Congress,31462,AITC,BJP,BJP,AITC,Habra,Others,NDA,True,True,North 24 Parganas,Greater Kolkata,North 24 Parganas,12526,21501.70648464164,34027.70648464164,1,True,1.081549376538098
101,Narayan Goswami,AITC,Tanuja Chakraborty,BJP,23532,DR. SUMAY HIRA,Bharatiya Janata Party,NARAYAN GOSWAMI,All India Trinamool Congress,9408,AITC,BJP,BJP,AITC,Ashoknagar,Others,NDA,True,True,North 24 Parganas,Greater Kolkata,North 24 Parganas,12526,21501.70648464164,34027.70648464164,1,True,3.616890570221263
102,Rafiqur Rahaman,AITC,Joydev Manna,BJP,25480,MOHAMMAD KASEM SIDDIQUE,All India Trinamool Congress,ARINDAM DEY,Bharatiya Janata Party,2995,AITC,BJP,AITC,BJP,Amdanga,Others,Others,False,False,North 24 Parganas,Greater Kolkata,North 24 Parganas,12526,21501.70648464164,34027.70648464164,0,True,11.36150466932943
103,Subodh Adhikary,AITC,Subhranshu Roy,BJP,13347,SUDIPTA DAS,Bharatiya Janata Party,SUBODH ADHIKARY,All India Trinamool Congress,13343,AITC,BJP,BJP,AITC,Bijpur,Others,NDA,True,True,North 24 Parganas,Greater Kolkata,North 24 Parganas,12526,21501.70648464164,34027.70648464164,1,True,2.5502290702721755
104,Partha Bhowmick,AITC,Phalguni Patra,BJP,18855,SUMITRO CHATTERJEE,Bharatiya Janata Party,SANAT DEY,All India Trinamool Congress,10430,AITC,BJP,BJP,AITC,Naihati,Others,NDA,True,True,North 24 Parganas,Greater Kolkata,North 24 Parganas,12526,21501.70648464164,34027.70648464164,1,True,3.2624838432062933
105,Pawan Kumar Singh,BJP,Jitendra Shaw,AITC,13687,PAWAN KUMAR SINGH,Bharatiya Janata Party,AMIT GUPTA,All India Trinamool Congress,22807,BJP,AITC,BJP,AITC,Bhatpara,NDA,NDA,False,False,North 24 Parganas,Greater Kolkata,North 24 Parganas,12526,21501.70648464164,34027.70648464164,0,True,1.4919852012382882
106,Somenath Shyam Ichini,AITC,Arindam Bhattacharya,BJP,18364,DR. RAJESH KUMAR,Bharatiya Janata Party,SOMENATH SHYAM ICHINI,All India Trinamool Congress,20909,AITC,BJP,BJP,AITC,Jagatdal,Others,NDA,True,True,North 24 Parganas,Greater Kolkata,North 24 Parganas,12526,21501.70648464164,34027.70648464164,1,True,1.6274191250007959
107,Manju Basu,AITC,Sunil Singh,BJP,26710,ARJUN SINGH,Bharatiya Janata Party,TRINANKUR BHATTACHARJEE,All India Trinamool Congress,17656,AITC,BJP,BJP,AITC,Noapara,Others,NDA,True,True,North 24 Parganas,Greater Kolkata,North 24 Parganas,12526,21501.70648464164,34027.70648464164,1,True,1.9272602222837358
108,Raj Chakraborty,AITC,Chandramani Shukla,BJP,9222,KAUSTUV BAGCHI,Bharatiya Janata Party,RAJ CHAKRABORTY (RAJU),All India Trinamool Congress,15822,AITC,BJP,BJP,AITC,Barrackpore,Others,NDA,True,True,North 24 Parganas,Greater Kolkata,North 24 Parganas,12526,21501.70648464164,34027.70648464164,1,True,2.1506577224523853
109,Kajal Sinha,AITC,Silbhadra Datta,BJP,28140,KALYAN CHAKRABORTI,Bharatiya Janata Party,DEVADEEP PUROHIT,All India Trinamool Congress,24486,AITC,BJP,BJP,AITC,Khardaha,Others,NDA,True,True,North 24 Parganas,Greater Kolkata,North 24 Parganas,12526,21501.70648464164,34027.70648464164,1,True,1.38968008186889
110,Chandrima Bhattacharya,AITC,Dr. Archana Majumdar,BJP,28499,SOURAV SIKDAR,Bharatiya Janata Party,CHANDRIMA BHATTACHARYA,All India Trinamool Congress,26404,AITC,BJP,BJP,AITC,Dum Dum Uttar,Others,NDA,True,True,North 24 Parganas,Greater Kolkata,North 24 Parganas,12526,21501.70648464164,34027.70648464164,1,True,1.2887330133556143
111,Nirmal Ghosh,AITC,Sanmoy Bandyopadhyay,BJP,25177,RATNA DEBNATH,Bharatiya Janata Party,TIRTHANKAR GHOSH,All India Trinamool Congress,28836,AITC,BJP,BJP,AITC,Panihati,Others,NDA,True,True,North/South 24 Parganas,Greater Kolkata,North 24 Parganas,12526,21501.70648464164,34027.70648464164,1,True,1.1800425331058968
112,Madan Mitra,AITC,Anindya Banerjee,BJP,35408,MADAN MITRA,All India Trinamool Congress,ARUP CHOUDHURY (PULAK),Bharatiya Janata Party,5646,AITC,BJP,AITC,BJP,Kamarhati,Others,Others,False,False,North/South 24 Parganas,Greater Kolkata,North 24 Parganas,12526,21501.70648464164,34027.70648464164,0,True,6.0268697280626355
113,Tapas Roy,AITC,Parno Mitra,BJP,35147,SAJAL GHOSH,Bharatiya Janata Party,SAYANTIKA BANERJEE,All India Trinamool Congress,16956,AITC,BJP,BJP,AITC,Baranagar,Others,NDA,True,True,North/South 24 Parganas,Greater Kolkata,North 24 Parganas,12526,21501.70648464164,34027.70648464164,1,True,2.0068239257278626
114,Bratya Basu,AITC,Bimalshankar Nanda,BJP,26731,ARIJIT BAKSHI,Bharatiya Janata Party,BRATYABRATA BASU,All India Trinamool Congress,25273,AITC,BJP,BJP,AITC,Dum Dum,Others,NDA,True,True,North/South 24 Parganas,Greater Kolkata,North 24 Parganas,12526,21501.70648464164,34027.70648464164,1,True,1.3464055112033253
115,Tapash Chatterjee,AITC,Bhaskar Roy,BJP,56432,TAPASH CHATTERJEE,All India Trinamool Congress,PIYUSH KANODIA,Bharatiya Janata Party,323,AITC,BJP,AITC,BJP,Rajarhat New Town,Others,Others,False,False,North/South 24 Parganas,Greater Kolkata,North 24 Parganas,12526,21501.70648464164,34027.70648464164,0,True,105.34893648495864
116,Sujit Bose,AITC,Sabyasachi Dutta,BJP,7997,SHARADWAT MUKHERJEE,Bharatiya Janata Party,SUJIT BOSE,All India Trinamool Congress,37330,AITC,BJP,BJP,AITC,Bidhannagar,Others,NDA,True,True,North/South 24 Parganas,Greater Kolkata,North 24 Parganas,12526,21501.70648464164,34027.70648464164,1,False,0.9115378110003118
117,Aditi Munshi,AITC,Samik Bhattacharya,BJP,25296,TARUNJYOTI TEWARI,Bharatiya Janata Party,ADITI MUNSHI,All India Trinamool Congress,27757,AITC,BJP,BJP,AITC,Rajarhat Gopalpur,Others,NDA,True,True,North/South 24 Parganas,Greater Kolkata,North 24 Parganas,12526,21501.70648464164,34027.70648464164,1,True,1.2259144174313377
118,Rathin Ghosh,AITC,Rajasree Rajbanshi,BJP,48126,RATHIN GHOSH,All India Trinamool Congress,ANINDYA BANERJEE,Bharatiya Janata Party,2399,AITC,BJP,AITC,BJP,Madhyamgram,Others,Others,False,False,North/South 24 Parganas,Greater Kolkata,North 24 Parganas,12526,21501.70648464164,34027.70648464164,0,True,14.184121085719733
119,Chiranjeet Chakraborty,AITC,Sankar Chatterjee,BJP,23783,SANKAR CHATTERJEE,Bharatiya Janata Party,SABYASACHI DUTTA,All India Trinamool Congress,34558,AITC,BJP,BJP,AITC,Barasat,Others,NDA,True,True,North/South 24 Parganas,Greater Kolkata,North 24 Parganas,12526,21501.70648464164,34027.70648464164,1,False,0.9846549709080861
120,Rahima Mondal,AITC,Karim Ali,ISF,32537,ANISUR RAHAMAN BIDESH,All India Trinamool Congress,MD MOFIDUL HOQUE SAHAJI MINTU,All India Secular Front,17818,AITC,ISF,AITC,ISF,Deganga,Others,Others,False,False,North/South 24 Parganas,Greater Kolkata,North 24 Parganas,12526,21501.70648464164,34027.70648464164,0,True,1.909737708196298
121,Islam Sk Nurul (Haji),AITC,Kutubuddin Fathe,ISF,80978,ABDUL MATIN MUHAMMAD,All India Trinamool Congress,PIYARUL ISLAM,All India Secular Front,49341,AITC,ISF,AITC,ISF,Haroa,Others,Others,False,False,North/South 24 Parganas,Greater Kolkata,North 24 Parganas,12526,21501.70648464164,34027.70648464164,0,False,0.689643632772778
122,Usha Rani Mondal,AITC,Jayanta Mondal,BJP,55830,USHA RANI MONDAL,All India Trinamool Congress,RUDRENDRA PATRA,Bharatiya Janata Party,32292,AITC,BJP,AITC,BJP,Minakhan,Others,Others,False,False,North/South 24 Parganas,Greater Kolkata,North 24 Parganas,12526,21501.70648464164,34027.70648464164,0,True,1.0537503556497474
123,Sukumar Mahata,AITC,Dr. Bhaskar Sardar,BJP,39685,SANAT SARDAR,Bharatiya Janata Party,JHARNA SARDAR,All India Trinamool Congress,17510,AITC,BJP,BJP,AITC,Sandeshkhali,Others,NDA,True,True,North/South 24 Parganas,Greater Kolkata,North 24 Parganas,12526,21501.70648464164,34027.70648464164,1,True,1.9433298963244796
124,Dr. Saptarshi Banerjee,AITC,Tarak Nath Ghosh,BJP,24468,SURAJIT MITRA (BADAL),All India Trinamool Congress,DR. SOURYA BANERJEE,Bharatiya Janata Party,9544,AITC,BJP,AITC,BJP,Basirhat Dakshin,Others,Others,False,False,North/South 24 Parganas,Greater Kolkata,North 24 Parganas,12526,21501.70648464164,34027.70648464164,0,True,3.565350637535796
125,Rafikul Islam Mondal,AITC,Md. Baijid Amin,ISF,89351,MD. TAUSEFFUR RAHMAN,All India Trinamool Congress,MD. MUSA KAREMULLA,All India Secular Front,57270,AITC,ISF,AITC,ISF,Basirhat Uttar,Others,Others,False,False,North/South 24 Parganas,Greater Kolkata,North 24 Parganas,12526,21501.70648464164,34027.70648464164,0,False,0.5941628511374478
126,Debes Mandal,AITC,Nemai Das,BJP,24916,REKHA PATRA,Bharatiya Janata Party,ANANDA SARKAR,All India Trinamool Congress,5421,AITC,BJP,BJP,AITC,Hingalganj,Others,NDA,True,True,North/South 24 Parganas,Greater Kolkata,North 24 Parganas,12526,21501.70648464164,34027.70648464164,1,True,6.2770165070359045
127,Jayanta Naskar,AITC,Barun Pramanik (Chitta),BJP,23709,BIKARNA NASKAR,Bharatiya Janata Party,SUBRATA MONDAL,All India Trinamool Congress,16100,AITC,BJP,BJP,AITC,Gosaba,Others,NDA,True,True,North/South 24 Parganas,Greater Kolkata,North 24 Parganas,12526,21501.70648464164,34027.70648464164,1,True,2.1135221419032075
128,Shyamal Mondal,AITC,Ramesh Majhi,BJP,50642,NILIMA MISTRY BISHAL,All India Trinamool Congress,BIKASH SARDAR,Bharatiya Janata Party,56181,AITC,BJP,AITC,BJP,Basanti,Others,Others,False,False,North/South 24 Parganas,Greater Kolkata,North 24 Parganas,12526,21501.70648464164,34027.70648464164,0,False,0.6056799716032403
129,Ganesh Chandra Mondal,AITC,Mintu Halder,BJP,47177,GANESH CHANDRA MONDAL,All India Trinamool Congress,MADHABI MAHALDER,Bharatiya Janata Party,59276,AITC,BJP,AITC,BJP,Kultali,Others,Others,False,False,North/South 24 Parganas,Greater Kolkata,North 24 Parganas,12526,21501.70648464164,34027.70648464164,0,False,0.5740553762845273
130,Samir Kumar Jana,AITC,Asit Kumar Haldar,BJP,22134,SAMIR KUMAR JANA,All India Trinamool Congress,ASIT KUMAR HALDAR,Bharatiya Janata Party,4873,AITC,BJP,AITC,BJP,Patharpratima,Others,Others,False,False,North/South 24 Parganas,Greater Kolkata,North 24 Parganas,12526,21501.70648464164,34027.70648464164,0,True,6.982907138239614
131,Manturam Pakhira,AITC,Dipankar Jana,BJP,25302,DIPANKAR JANA,Bharatiya Janata Party,MANTURAM PAKHIRA,All India Trinamool Congress,4760,AITC,BJP,BJP,AITC,Kakdwip,Others,NDA,True,True,South 24 Parganas,South Bengal,South 24 Parganas,9240,21501.70648464164,30741.70648464164,1,True,6.458341698454126
132,Bankim Chandra Hazra,AITC,Kamila Bikash,BJP,29846,SUMANTA MANDAL,Bharatiya Janata Party,BANKIM CHANDRA HAZRA,All India Trinamool Congress,7881,AITC,BJP,BJP,AITC,Sagar,Others,NDA,True,True,South 24 Parganas,South Bengal,South 24 Parganas,9240,21501.70648464164,30741.70648464164,1,True,3.9007367700344675
133,Jogaranjan Halder,AITC,Pranab Kumar Mallik,BJP,33818,BARNALI DHARA,All India Trinamool Congress,ABANI NASKAR,Bharatiya Janata Party,10383,AITC,BJP,AITC,BJP,Kulpi,Others,Others,False,False,South 24 Parganas,South Bengal,South 24 Parganas,9240,21501.70648464164,30741.70648464164,0,True,2.9607730409940904
134,Aloke Jaldata,AITC,Santanu Bapuli,BJP,35568,TAPAS MONDAL S/O-SHIBPRASAD MONDAL,All India Trinamool Congress,PALASH RANA,Bharatiya Janata Party,5957,AITC,BJP,AITC,BJP,Raidighi,Others,Others,False,False,South 24 Parganas,South Bengal,South 24 Parganas,9240,21501.70648464164,30741.70648464164,0,True,5.160602062219513
135,Joydeb Halder,AITC,Dilip Kumar Jatua,BJP,23492,JOYDEB HALDER S/O - KARTICK CHANDRA HALDER,All India Trinamool Congress,MALLIKA PAIK W/O - ASHOK PAIK,Bharatiya Janata Party,1995,AITC,BJP,AITC,BJP,Mandirbazar,Others,Others,False,False,South 24 Parganas,South Bengal,South 24 Parganas,9240,21501.70648464164,30741.70648464164,0,True,15.409376684030898
136,Biswanath Das,AITC,Rabin Sardar,BJP,38683,BISWANATH DAS,All India Trinamool Congress,ALOKE HALDER,Bharatiya Janata Party,26350,AITC,BJP,AITC,BJP,Jaynagar,Others,Others,False,False,South 24 Parganas,South Bengal,South 24 Parganas,9240,21501.70648464164,30741.70648464164,0,True,1.1666681777852614
137,Bivas Sardar (Vobo),AITC,Chandan Mondal,BJP,49641,BIVAS SARDAR,All India Trinamool Congress,TUMPA SARDAR,Bharatiya Janata Party,31815,AITC,BJP,AITC,BJP,Baruipur Purba,Others,Others,False,False,South 24 Parganas,South Bengal,South 24 Parganas,9240,21501.70648464164,30741.70648464164,0,False,0.9662645445431916
138,Paresh Ram Das,AITC,Arnab Roy,BJP,35243,PARESH RAM DAS,All India Trinamool Congress,Prasanta Bayen,Bharatiya Janata Party,40665,AITC,BJP,AITC,BJP,Canning Paschim,Others,Others,False,False,South 24 Parganas,South Bengal,South 24 Parganas,9240,21501.70648464164,30741.70648464164,0,False,0.7559745846462963
139,Saokat Molla,AITC,Gazi Shahabuddin Siraji,ISF,53007,MD BAHARUL ISLAM,All India Trinamool Congress,ARABUL ISLAM,All India Secular Front,91954,AITC,ISF,AITC,ISF,Canning Purba,Others,Others,False,False,South 24 Parganas,South Bengal,South 24 Parganas,9240,21501.70648464164,30741.70648464164,0,False,0.33431614159951323
140,Biman Banerjee,AITC,Debopam Chattopadhyaya (Babu),BJP,61910,BIMAN BANERJEE,All India Trinamool Congress,BISWAJIT PAUL,Bharatiya Janata Party,17862,AITC,BJP,AITC,BJP,Baruipur Paschim,Others,Others,False,False,South 24 Parganas,South Bengal,South 24 Parganas,9240,21501.70648464164,30741.70648464164,0,True,1.7210674327982107
141,Namita Saha,AITC,Chandan Kumar Naskar,BJP,54079,SARMISTHA PURKAIT,All India Trinamool Congress,UTTAM KUMAR BANIK,Bharatiya Janata Party,31607,AITC,BJP,AITC,BJP,Magrahat Purba,Others,Others,False,False,South 24 Parganas,South Bengal,South 24 Parganas,9240,21501.70648464164,30741.70648464164,0,False,0.9726233582637277
142,Gias Uddin Molla,AITC,Dhurjati Saha (Manas),BJP,46941,MD. SAMIM AHAMED MOLLA,All India Trinamool Congress,GOURSUNDAR GHOSH,Bharatiya Janata Party,58503,AITC,BJP,AITC,BJP,Magrahat Paschim,Others,Others,False,False,South 24 Parganas,South Bengal,South 24 Parganas,9240,21501.70648464164,30741.70648464164,0,False,0.5254723088498306
143,Pannalal Halder,AITC,Dipak Kumar Halder,BJP,16996,PANNA LAL HALDER,All India Trinamool Congress,DIPAK KUMAR HALDER,Bharatiya Janata Party,31266,AITC,BJP,AITC,BJP,Diamond Harbour,Others,Others,False,False,South 24 Parganas,South Bengal,South 24 Parganas,9240,21501.70648464164,30741.70648464164,0,False,0.983231193137646
145,Mohan Chandra Naskar,AITC,Chandan Pal,BJP,23318,AGNISWAR NASKAR,Bharatiya Janata Party,SOMASHREE BETAL,All India Trinamool Congress,401,AITC,BJP,BJP,AITC,Satgachia,Others,NDA,True,True,South 24 Parganas,South Bengal,South 24 Parganas,9240,21501.70648464164,30741.70648464164,1,True,76.66260968738564
146,Dilip Mondal,AITC,Agniswar Naskar,BJP,58832,DILIP MONDAL,All India Trinamool Congress,ABHIJIT SARDAR,Bharatiya Janata Party,36925,AITC,BJP,AITC,BJP,Bishnupur,Others,Others,False,False,South 24 Parganas,South Bengal,South 24 Parganas,9240,21501.70648464164,30741.70648464164,0,False,0.8325445222651764
147,Arundhuti Maitra (Lovely),AITC,Anjana Basu,BJP,26181,RUPA GANGULY,Bharatiya Janata Party,ARUNDHUTI MAITRA(LOVELY),All India Trinamool Congress,35782,AITC,BJP,BJP,AITC,Sonarpur Dakshin,Others,NDA,True,True,South 24 Parganas,South Bengal,South 24 Parganas,9240,21501.70648464164,30741.70648464164,1,False,0.8591388543022089
148,Nawsad Siddique,ISF,Karim Rezaul,AITC,26151,MD NAWSAD SIDDIQUE,All India Secular Front,SAOKAT MOLLA,All India Trinamool Congress,32088,ISF,AITC,ISF,AITC,Bhangar,Others,Others,False,False,South 24 Parganas,South Bengal,South 24 Parganas,9240,21501.70648464164,30741.70648464164,0,False,0.9580437074495649
149,Javed Ahmed Khan,AITC,Dr. Indranil Khan,BJP,63622,AHMED JAVED KHAN,All India Trinamool Congress,BANERJEE SANDIP,Bharatiya Janata Party,20974,AITC,BJP,AITC,BJP,Kasba,Others,Others,False,False,South 24 Parganas,South Bengal,South 24 Parganas,9240,21501.70648464164,30741.70648464164,0,True,1.465705467943246
150,Debabrata Majumdar (Malay),AITC,Dr. Sujan Chakraborty,CPI(M),38869,SARBORI MUKHERJEE,Bharatiya Janata Party,DEBABRATA MAJUMDAR (MALAY),All India Trinamool Congress,27716,AITC,CPI(M),BJP,AITC,Jadavpur,Others,NDA,True,True,South 24 Parganas,South Bengal,South 24 Parganas,9240,21501.70648464164,30741.70648464164,1,True,1.1091682235763327
151,Firdousi Begum,AITC,Ranjan Baidya,BJP,36090,DEBASISH DHAR,Bharatiya Janata Party,FIRDOUSI BEGAM,All India Trinamool Congress,9807,AITC,BJP,BJP,AITC,Sonarpur Uttar,Others,NDA,True,True,Kolkata/Howrah,Kolkata & Howrah,Kolkata,9240,21501.70648464164,30741.70648464164,1,True,3.1346697751240584
152,Aroop Biswas,AITC,Babul Supriyo,BJP,50080,PAPIA ADHIKARY,Bharatiya Janata Party,AROOP BISWAS,All India Trinamool Congress,6013,AITC,BJP,BJP,AITC,Tollygunge,Others,NDA,True,True,Kolkata/Howrah,Kolkata & Howrah,Kolkata,9240,21501.70648464164,30741.70648464164,1,True,5.112540576191858
153,Ratna Chatterjee,AITC,Payel Sarkar,BJP,37428,SANKAR SIKDER,Bharatiya Janata Party,SUBHASISH CHAKRABORTY,All India Trinamool Congress,25137,AITC,BJP,BJP,AITC,Behala Purba,Others,NDA,True,True,Kolkata/Howrah,Kolkata & Howrah,Kolkata,9240,21501.70648464164,30741.70648464164,1,True,1.2229664034945156
154,Partha Chatterjee,AITC,Srabanti Chatterjee,BJP,50884,DR. INDRANIL KHAN,Bharatiya Janata Party,RATNA CHATTERJEE,All India Trinamool Congress,24699,AITC,BJP,BJP,AITC,Behala Paschim,Others,NDA,True,True,Kolkata/Howrah,Kolkata & Howrah,Kolkata,9240,21501.70648464164,30741.70648464164,1,True,1.2446538922483354
155,Dulal Chandra Das,AITC,Umesh Das,BJP,57949,SUBHASIS DAS,All India Trinamool Congress,TAMANATH BHOWMICK,Bharatiya Janata Party,32913,AITC,BJP,AITC,BJP,Maheshtala,Others,Others,False,False,Kolkata/Howrah,Kolkata & Howrah,Kolkata,9240,21501.70648464164,30741.70648464164,0,False,0.9340293040634898
156,Ashok Kumar Deb,AITC,Dr. Tarun Kumar Adak,BJP,44714,ASHOK KUMAR DEB,All India Trinamool Congress,DR TARUN KUMAR ADAK,Bharatiya Janata Party,46850,AITC,BJP,AITC,BJP,Budge Budge,Others,Others,False,False,Kolkata/Howrah,Kolkata & Howrah,Kolkata,9240,21501.70648464164,30741.70648464164,0,False,0.65617303062202
157,Abdul Khaleque Molla,AITC,Ramjit Prasad,BJP,119604,ABDUL KHALEQUE MOLLA,All India Trinamool Congress,BIR BAHADUR SINGH,Bharatiya Janata Party,87879,AITC,BJP,AITC,BJP,Metiaburuz,Others,Others,False,False,Kolkata/Howrah,Kolkata & Howrah,Kolkata,9240,21501.70648464164,30741.70648464164,0,False,0.34981857422867396
158,Firhad Hakim,AITC,Awadh Kishore Gupta,BJP,68554,FIRHAD HAKIM,All India Trinamool Congress,RAKESH SINGH,Bharatiya Janata Party,56080,AITC,BJP,AITC,BJP,Kolkata Port,Others,Others,False,False,Kolkata/Howrah,Kolkata & Howrah,Kolkata,9240,21501.70648464164,30741.70648464164,0,False,0.5481759358887596
159,Sobhandeb Chattopadhyay,AITC,Rudranil Ghosh,BJP,28719,ADHIKARI SUVENDU,Bharatiya Janata Party,MAMATA BANERJEE,All India Trinamool Congress,15105,AITC,BJP,BJP,AITC,Bhabanipur,Others,NDA,True,True,Kolkata/Howrah,Kolkata & Howrah,Kolkata,9240,21501.70648464164,30741.70648464164,1,True,2.035200694117288
160,Debasish Kumar,AITC,Lt. Gen. (Dr.) Subrata Saha,BJP,21414,DASGUPTA SWAPAN,Bharatiya Janata Party,DEBASISH KUMAR (DEBA),All India Trinamool Congress,20865,AITC,BJP,BJP,AITC,Rashbehari,Others,NDA,True,True,Kolkata/Howrah,Kolkata & Howrah,Kolkata,9240,21501.70648464164,30741.70648464164,1,True,1.4733624004141692
161,Subrata Mukherjee,AITC,Lokenath Chatterjee,BJP,75359,SOBHANDEB CHATTOPADHYAY,All India Trinamool Congress,SHATORUPA,Bharatiya Janata Party,61476,AITC,BJP,AITC,BJP,Ballygunge,Others,Others,False,False,Kolkata/Howrah,Kolkata & Howrah,Kolkata,9240,21501.70648464164,30741.70648464164,0,False,0.5000602915713716
162,Nayna Bandyopadhyay,AITC,Devdutta Maji,BJP,45344,BANDYOPADHYAY NAYNA,All India Trinamool Congress,SANTOSH KUMAR PATHAK,Bharatiya Janata Party,22002,AITC,BJP,AITC,BJP,Chowrangee,Others,Others,False,False,Kolkata/Howrah,Kolkata & Howrah,Kolkata,9240,21501.70648464164,30741.70648464164,0,True,1.39722327445876
163,Swarna Kamal Saha,AITC,Priyanka Tibrewal,BJP,58257,SANDIPAN SAHA,All India Trinamool Congress,DR. PRIYANKA TIBREWAL,Bharatiya Janata Party,34006,AITC,BJP,AITC,BJP,Entally,Others,Others,False,False,Kolkata/Howrah,Kolkata & Howrah,Kolkata,9240,21501.70648464164,30741.70648464164,0,False,0.9040083069058884
164,Paresh Paul,AITC,Kashinath Biswas,BJP,67140,KUNAL KUMAR GHOSH,All India Trinamool Congress,PARTHA CHAUDHURY,Bharatiya Janata Party,28576,AITC,BJP,AITC,BJP,Beleghata,Others,Others,False,False,Kolkata/Howrah,Kolkata & Howrah,Kolkata,9240,21501.70648464164,30741.70648464164,0,True,1.0757876009463059
165,Vivek Gupta,AITC,Meena Devi Purohit,BJP,12743,VIJAY OJHA,Bharatiya Janata Party,VIJAY UPADHYAY,All India Trinamool Congress,5797,AITC,BJP,BJP,AITC,Jorasanko,Others,NDA,True,True,Kolkata/Howrah,Kolkata & Howrah,Kolkata,9240,21501.70648464164,30741.70648464164,1,True,5.303037171751188
166,Dr. Shashi Panja,AITC,Sandipan Biswas,BJP,22520,PURNIMA CHAKRABORTY,Bharatiya Janata Party,SHASHI PANJA,All India Trinamool Congress,14633,AITC,BJP,BJP,AITC,Shyampukur,Others,NDA,True,True,Kolkata/Howrah,Kolkata & Howrah,Kolkata,9240,21501.70648464164,30741.70648464164,1,True,2.10084784286487
167,Sadhan Pande,AITC,Kalyan Chaubey,BJP,20238,TAPAS ROY,Bharatiya Janata Party,SHRREYA PANDE,All India Trinamool Congress,15644,AITC,BJP,BJP,AITC,Maniktala,Others,NDA,True,True,Kolkata/Howrah,Kolkata & Howrah,Kolkata,9240,21501.70648464164,30741.70648464164,1,True,1.9650796781284607
168,Atin Ghosh,AITC,Sibaji Sinha Roy,BJP,35390,RITESH TIWARI,Bharatiya Janata Party,ATIN GHOSH,All India Trinamool Congress,1651,AITC,BJP,BJP,AITC,Kashipur Belgachia,Others,NDA,True,True,Kolkata/Howrah,Kolkata & Howrah,Kolkata,9240,21501.70648464164,30741.70648464164,1,True,18.62005238318694
169,Rana Chatterjee,AITC,Baishali Dalmiya,BJP,6237,SANJAY KUMAR SINGH,Bharatiya Janata Party,KAILASH KUMAR MISHRA,All India Trinamool Congress,11997,AITC,BJP,BJP,AITC,Bally,Others,NDA,True,True,Kolkata/Howrah,Kolkata & Howrah,Kolkata,9240,21501.70648464164,30741.70648464164,1,True,2.5624494860916593
170,Gautam Chowdhuri,AITC,Umesh Rai,BJP,5522,UMESH RAI,Bharatiya Janata Party,GAUTAM CHOWDHURY,All India Trinamool Congress,11250,AITC,BJP,BJP,AITC,Howrah Uttar,Others,NDA,True,True,Kolkata/Howrah,Kolkata & Howrah,Kolkata,9240,21501.70648464164,30741.70648464164,1,True,2.7325961319681458
171,Arup Roy,AITC,Sanjay Singh,BJP,46547,ARUP ROY,All India Trinamool Congress,BIPLAB KUMAR MANDAL,Bharatiya Janata Party,16083,AITC,BJP,AITC,BJP,Howrah Madhya,Others,Others,False,False,Howrah/Hooghly,South Bengal,Howrah,9240,21501.70648464164,30741.70648464164,0,True,1.9114410548182328
172,Manoj Tiwary,AITC,Rathin Chakrabarty,BJP,32603,RUDRANIL GHOSH,Bharatiya Janata Party,DR. RANA CHATTERJEE,All India Trinamool Congress,16058,AITC,BJP,BJP,AITC,Shibpur,Others,NDA,True,True,Howrah/Hooghly,South Bengal,Howrah,9240,21501.70648464164,30741.70648464164,1,True,1.9144168940491741
173,Nandita Chowdhury,AITC,Rantidev Sengupta,BJP,50569,NANDITA CHOWDHURY,All India Trinamool Congress,SHYAMAL KUMAR HATI,Bharatiya Janata Party,7828,AITC,BJP,AITC,BJP,Howrah Dakshin,Others,Others,False,False,Howrah/Hooghly,South Bengal,Howrah,9240,21501.70648464164,30741.70648464164,0,True,3.9271469704447677
174,Priya Paul,AITC,Probhakar Pandit,BJP,40427,PRIYA PAUL,All India Trinamool Congress,BARNALI DHALI NASKAR,Bharatiya Janata Party,16740,AITC,BJP,AITC,BJP,Sankrail,Others,Others,False,False,Howrah/Hooghly,South Bengal,Howrah,9240,21501.70648464164,30741.70648464164,0,True,1.8364221316990226
175,Gulsan Mullick,AITC,Mohit Lal Ghanti,BJP,32751,GULSAN MULLICK,All India Trinamool Congress,RANJAN PAUL,Bharatiya Janata Party,38320,AITC,BJP,AITC,BJP,Panchla,Others,Others,False,False,Howrah/Hooghly,South Bengal,Howrah,9240,21501.70648464164,30741.70648464164,0,False,0.8022365992860553
176,Bidesh Ranjan Bose,AITC,Pratyush Mandal,BJP,17126,RITABRATA BANERJEE,All India Trinamool Congress,RUDRA PROSAD BANERJEE,Bharatiya Janata Party,11838,AITC,BJP,AITC,BJP,Uluberia Purba,Others,Others,False,False,Howrah/Hooghly,South Bengal,Howrah,9240,21501.70648464164,30741.70648464164,0,True,2.596866572448187
177,Dr. Nirmal Maji,AITC,Chiran Bera,BJP,21003,CHIRAN BERA,Bharatiya Janata Party,BIMAL KUMAR DAS,All India Trinamool Congress,4177,AITC,BJP,BJP,AITC,Uluberia Uttar,Others,NDA,True,True,Howrah/Hooghly,South Bengal,Howrah,9240,21501.70648464164,30741.70648464164,1,True,7.35975735806599
178,Pulak Roy,AITC,Papia Dey (Adhikary),BJP,28438,PULAK ROY,All India Trinamool Congress,SWAMI MANGALANANDA PURI,Bharatiya Janata Party,17187,AITC,BJP,AITC,BJP,Uluberia Dakshin,Others,Others,False,False,Howrah/Hooghly,South Bengal,Howrah,9240,21501.70648464164,30741.70648464164,0,True,1.788660411045653
179,Kalipada Mandal,AITC,Tanusree Chakraborty,BJP,31511,DR. HIRANMOY CHATTOPADHYAYA (HIRAAN),Bharatiya Janata Party,NADEBASI JANA,All India Trinamool Congress,22260,AITC,BJP,BJP,AITC,Shyampur,Others,NDA,True,True,Howrah/Hooghly,South Bengal,Howrah,9240,21501.70648464164,30741.70648464164,1,True,1.3810290424367313
180,Arunava Sen (Raja),AITC,Anupam Mallik,BJP,30120,ARUNAVA SEN,All India Trinamool Congress,PRAMANSHU RANA,Bharatiya Janata Party,11316,AITC,BJP,AITC,BJP,Bagnan,Others,Others,False,False,Howrah/Hooghly,South Bengal,Howrah,9240,21501.70648464164,30741.70648464164,0,True,2.716658402672467
181,Sukanta Kumar Paul,AITC,Debtanu Bhattacharya,BJP,26205,AMIT SAMANTA,Bharatiya Janata Party,SUKANTA KUMAR PAUL,All India Trinamool Congress,4454,AITC,BJP,BJP,AITC,Amta,Others,NDA,True,True,Howrah/Hooghly,South Bengal,Howrah,9240,21501.70648464164,30741.70648464164,1,True,6.902044563233417
182,Samir Kumar Panja,AITC,Sumit Ranjan Karar,BJP,13998,SAMIR KUMAR PANJA,All India Trinamool Congress,PROBHAKAR PANDIT,Bharatiya Janata Party,12227,AITC,BJP,AITC,BJP,Udaynarayanpur,Others,Others,False,False,Howrah/Hooghly,South Bengal,Howrah,9240,21501.70648464164,30741.70648464164,0,True,2.5142476882834415
183,Sitanath Ghosh,AITC,Anupam Ghosh,BJP,29196,ANUPAM GHOSH,Bharatiya Janata Party,SUBIR CHATTERJEE (TINKAI),All India Trinamool Congress,6671,AITC,BJP,BJP,AITC,Jagatballavpur,Others,NDA,True,True,Howrah/Hooghly,South Bengal,Howrah,9240,21501.70648464164,30741.70648464164,1,True,4.608260603304099
184,Kalyan Ghosh,AITC,Rajib Banerjee,BJP,42620,TAPAS MAITY,All India Trinamool Congress,GOBINDA HAZRA,Bharatiya Janata Party,42177,AITC,BJP,AITC,BJP,Domjur,Others,Others,False,False,Howrah/Hooghly,South Bengal,Howrah,9240,21501.70648464164,30741.70648464164,0,False,0.7288737104261005
185,Kanchan Mullick,AITC,Prabir Kumar Ghosal,BJP,35989,DIPANJAN CHAKRABORTY,Bharatiya Janata Party,SIRSANYA BANDOPADHYAY,All India Trinamool Congress,10415,AITC,BJP,BJP,AITC,Uttarpara,Others,NDA,True,True,Howrah/Hooghly,South Bengal,Howrah,9240,21501.70648464164,30741.70648464164,1,True,2.9516760907001096
186,Dr. Sudipto Roy,AITC,Kabir Shankar Bose,BJP,23433,BHASKAR BHATTACHARYA,Bharatiya Janata Party,TANMOY GHOSH,All India Trinamool Congress,8685,AITC,BJP,BJP,AITC,Sreerampur,Others,NDA,True,True,Howrah/Hooghly,South Bengal,Howrah,9240,21501.70648464164,30741.70648464164,1,True,3.5396322952955255
187,Arindam Guin (Bubai),AITC,Dilip Singh,BJP,30078,DILIP SINGH,Bharatiya Janata Party,ARINDAM GUIN (BUBAI),All India Trinamool Congress,3026,AITC,BJP,BJP,AITC,Champdani,Others,NDA,True,True,Howrah/Hooghly,South Bengal,Howrah,9240,21501.70648464164,30741.70648464164,1,True,10.159189188579525
188,Becharam Manna,AITC,Rabindranath Bhattacharya,BJP,25923,ARUP KUMAR DAS,Bharatiya Janata Party,BECHARAM MANNA,All India Trinamool Congress,21438,AITC,BJP,BJP,AITC,Singur,Others,NDA,True,True,Howrah/Hooghly,South Bengal,Howrah,9240,21501.70648464164,30741.70648464164,1,True,1.4339820171957105
189,Indranil Sen,AITC,Deepanjan Kumar Guha,BJP,31029,Deepanjan Kumar Guha,Bharatiya Janata Party,Indranil Sen,All India Trinamool Congress,13441,AITC,BJP,BJP,AITC,Chandannagar,Others,NDA,True,True,Howrah/Hooghly,South Bengal,Howrah,9240,21501.70648464164,30741.70648464164,1,True,2.2871591760019077
190,Asit Mazumder (Tapan),AITC,Locket Chatterjee,BJP,18417,SUBIR NAG,Bharatiya Janata Party,DEBANGSHU BHATTACHARYA,All India Trinamool Congress,43435,AITC,BJP,BJP,AITC,Chunchura,Others,NDA,True,True,Howrah/Hooghly,South Bengal,Howrah,9240,21501.70648464164,30741.70648464164,1,False,0.7077634738031919
191,Manoranjan Byapari,AITC,Subhas Chandra Haldar,BJP,5784,SUMANA SARKAR,Bharatiya Janata Party,RANJAN DHARA,All India Trinamool Congress,41914,AITC,BJP,BJP,AITC,Balagarh,Others,NDA,True,True,Hooghly/East Medinipur,South Bengal,Hooghly,8629,21501.70648464164,30130.70648464164,1,False,0.7188697448261115
192,Dr. Ratna De Nag,AITC,Partha Sharma,BJP,31858,TUSAR KUMAR MAJUMDAR,Bharatiya Janata Party,SAMIR CHAKRABORTY,All India Trinamool Congress,5228,AITC,BJP,BJP,AITC,Pandua,Others,NDA,True,True,Hooghly/East Medinipur,South Bengal,Hooghly,8629,21501.70648464164,30130.70648464164,1,True,5.763333298515999
193,Tapan Dasgupta,AITC,Debabrata Biswas,BJP,9772,SWARAJ GHOSH,Bharatiya Janata Party,BIDESH RANJAN BOSE,All India Trinamool Congress,23289,AITC,BJP,BJP,AITC,Saptagram,Others,NDA,True,True,Hooghly/East Medinipur,South Bengal,Hooghly,8629,21501.70648464164,30130.70648464164,1,True,1.2937741631088342
194,Swati Khandoker,AITC,Yash Dasgupta,BJP,41347,SWATI KHANDOKER,All India Trinamool Congress,DEBASISH MUKHERJEE,Bharatiya Janata Party,19663,AITC,BJP,AITC,BJP,Chanditala,Others,Others,False,False,Hooghly/East Medinipur,South Bengal,Hooghly,8629,21501.70648464164,30130.70648464164,0,True,1.532355514654002
195,Snehasis Chakraborty,AITC,Debjit Sarkar,BJP,17926,PROSENJIT BAG,Bharatiya Janata Party,SNEHASIS CHAKRABORTY,All India Trinamool Congress,862,AITC,BJP,BJP,AITC,Jangipara,Others,NDA,True,True,Hooghly/East Medinipur,South Bengal,Hooghly,8629,21501.70648464164,30130.70648464164,1,True,34.95441587545434
196,Dr. Karabi Manna,AITC,Samiran Mitra,BJP,23072,MADHUMITA GHOSH,Bharatiya Janata Party,KARABI MANNA,All India Trinamool Congress,3488,AITC,BJP,BJP,AITC,Haripal,Others,NDA,True,True,Hooghly/East Medinipur,South Bengal,Hooghly,8629,21501.70648464164,30130.70648464164,1,True,8.6383906205968
197,Asima Patra,AITC,Tusar Kumar Majumdar,BJP,30159,ASIMA PATRA,All India Trinamool Congress,BARNALI DAS,Bharatiya Janata Party,13057,AITC,BJP,AITC,BJP,Dhanekhali,Others,Others,False,False,Hooghly/East Medinipur,South Bengal,Hooghly,8629,21501.70648464164,30130.70648464164,0,True,2.3076285888520824
198,Ramendu Sinharay,AITC,Dr.Swapan Dasgupta,BJP,7484,SANTU PAN,Bharatiya Janata Party,RAMENDU SINHARAY,All India Trinamool Congress,30999,AITC,BJP,BJP,AITC,Tarakeswar,Others,NDA,True,True,Hooghly/East Medinipur,South Bengal,Hooghly,8629,21501.70648464164,30130.70648464164,1,False,0.971989628202253
199,Biman Ghosh,BJP,Dilip Yadav,AITC,28178,BIMAN GHOSH,Bharatiya Janata Party,PARTHA HAZARI,All India Trinamool Congress,53453,BJP,AITC,BJP,AITC,Pursurah,NDA,NDA,False,False,Hooghly/East Medinipur,South Bengal,Hooghly,8629,21501.70648464164,30130.70648464164,0,False,0.5636859761779814
200,Madhusudan Bag,BJP,Sujata Mondal,AITC,7172,BAG HEMANTA,Bharatiya Janata Party,BAG MITA,All India Trinamool Congress,28959,BJP,AITC,BJP,AITC,Arambagh,NDA,NDA,False,False,Hooghly/East Medinipur,South Bengal,Hooghly,8629,21501.70648464164,30130.70648464164,0,True,1.0404608751904982
201,Biswanath Karak,BJP,Manas Majumdar,AITC,4147,PRASANTA DIGAR,Bharatiya Janata Party,DR. NIRMAL MAJI,All India Trinamool Congress,49582,BJP,AITC,BJP,AITC,Goghat,NDA,NDA,False,False,Hooghly/East Medinipur,South Bengal,Hooghly,8629,21501.70648464164,30130.70648464164,0,False,0.6076944553394708
202,Susanta Ghosh,BJP,Munsi Nazbul Karim,AITC,12884,SUSANTA GHOSH,Bharatiya Janata Party,PALASH KUMAR ROY,All India Trinamool Congress,34483,BJP,AITC,BJP,AITC,Khanakul,NDA,NDA,False,False,Hooghly/East Medinipur,South Bengal,Hooghly,8629,21501.70648464164,30130.70648464164,0,False,0.8737843715640066
203,Saumen Kumar Mahapatra,AITC,Hare Krishna Bera,BJP,793,HARE KRISHNA BERA,Bharatiya Janata Party,DIPENDRA NARAYAN ROY,All India Trinamool Congress,34729,AITC,BJP,BJP,AITC,Tamluk,Others,NDA,True,True,Hooghly/East Medinipur,South Bengal,Hooghly,8629,21501.70648464164,30130.70648464164,1,False,0.8675949922151989
204,Biplab Roy Chowdhury,AITC,Debabrata Pattanayek,BJP,9660,SUBRATA MAITY(RANA),Bharatiya Janata Party,ASHIM KUMAR MAJI,All India Trinamool Congress,17903,AITC,BJP,BJP,AITC,Panskura Purba,Others,NDA,True,True,Hooghly/East Medinipur,South Bengal,Hooghly,8629,21501.70648464164,30130.70648464164,1,True,1.6829976252383199
205,Phiroja Bibi,AITC,Sintu Senapati,BJP,8889,SINTU SENAPATI,Bharatiya Janata Party,SIRAJ KHAN,All India Trinamool Congress,32567,AITC,BJP,BJP,AITC,Panskura Paschim,Others,NDA,True,True,Hooghly/East Medinipur,South Bengal,Hooghly,8629,21501.70648464164,30130.70648464164,1,False,0.9251913435269334
206,Ashoke Dinda,BJP,Sangram Kumar Dolai,AITC,1260,ASHOKE DINDA,Bharatiya Janata Party,CHANDAN MONDAL,All India Trinamool Congress,16241,BJP,AITC,BJP,AITC,Moyna,NDA,NDA,False,False,East/West Medinipur,Medinipur,Purba Medinipur,9240,21501.70648464164,30741.70648464164,0,True,1.8928456674245207
207,Sukumar De,AITC,Nilanjan Adhikary,BJP,5406,KHANRA NIRMAL,Bharatiya Janata Party,SUKUMAR DE,All India Trinamool Congress,30603,AITC,BJP,BJP,AITC,Nandakumar,Others,NDA,True,True,East/West Medinipur,Medinipur,Purba Medinipur,9240,21501.70648464164,30741.70648464164,1,True,1.0045324472973773
208,Tilak Kumar Chakraborty,AITC,Biswanath Banerjee,BJP,2386,SUBHAS CHANDRA PANJA,Bharatiya Janata Party,TILAK KUMAR CHAKRABORTY,All India Trinamool Congress,26238,AITC,BJP,BJP,AITC,Mahisadal,Others,NDA,True,True,East/West Medinipur,Medinipur,Purba Medinipur,9240,21501.70648464164,30741.70648464164,1,True,1.1716482386097127
209,Tapasi Mondal,BJP,Swapan Naskar,AITC,15008,PRADIP KUMAR BIJALI,Bharatiya Janata Party,TAPASI MONDAL,All India Trinamool Congress,49062,BJP,AITC,BJP,AITC,Haldia,NDA,NDA,False,False,East/West Medinipur,Medinipur,Purba Medinipur,9240,21501.70648464164,30741.70648464164,0,False,0.6265889381729575
210,Suvendu Adhikari,BJP,Mamata Banerjee,AITC,1956,ADHIKARI SUVENDU,Bharatiya Janata Party,PABITRA KAR,All India Trinamool Congress,9665,BJP,AITC,BJP,AITC,Nandigram,NDA,NDA,False,False,East/West Medinipur,Medinipur,Purba Medinipur,9240,21501.70648464164,30741.70648464164,0,True,3.1807249337446084
211,Soham Chakraborty,AITC,Pulak Kanti Guria,BJP,13472,PIJUSH KANTI DAS,Bharatiya Janata Party,UTTAM BARIK,All India Trinamool Congress,20270,AITC,BJP,BJP,AITC,Chandipur,Others,NDA,True,True,East/West Medinipur,Medinipur,Purba Medinipur,9240,21501.70648464164,30741.70648464164,1,True,1.5166110747233172
212,Uttam Barik,AITC,Ambujaksha Mahanti,BJP,9994,TAPAN MAITY,Bharatiya Janata Party,PIJUS KANTI PANDA,All India Trinamool Congress,9051,AITC,BJP,BJP,AITC,Patashpur,Others,NDA,True,True,East/West Medinipur,Medinipur,Purba Medinipur,9240,21501.70648464164,30741.70648464164,1,True,3.396498341027692
213,Sumita Sinha,BJP,Tarun Kumar Jana,AITC,9330,SUMITA SINHA,Bharatiya Janata Party,DEBASIS BHUNYA,All India Trinamool Congress,20055,BJP,AITC,BJP,AITC,Kanthi Uttar,NDA,NDA,False,False,East/West Medinipur,Medinipur,Purba Medinipur,9240,21501.70648464164,30741.70648464164,0,True,1.532869931919304
214,Rabindranath Maity,BJP,Ardhendu Maity,AITC,27549,SANTANU PRAMANIK,Bharatiya Janata Party,MANAB KUMAR PARUA,All India Trinamool Congress,20878,BJP,AITC,BJP,AITC,Bhagabanpur,NDA,NDA,False,False,East/West Medinipur,Medinipur,Purba Medinipur,9240,21501.70648464164,30741.70648464164,0,True,1.4724449892059412
215,Santanu Pramanik,BJP,Partha Pratim Das,AITC,17965,SUBRATA PAIK,Bharatiya Janata Party,RABIN CHANDRA MANDAL,All India Trinamool Congress,32690,BJP,AITC,BJP,AITC,Khejuri,NDA,NDA,False,False,East/West Medinipur,Medinipur,Purba Medinipur,9240,21501.70648464164,30741.70648464164,0,False,0.9404009325372175
216,Arup Kumar Das,BJP,Jyotirmoy Kar,AITC,10293,ARUP KUMAR DAS,Bharatiya Janata Party,TARUN KUMAR JANA,All India Trinamool Congress,31472,BJP,AITC,BJP,AITC,Kanthi Dakshin,NDA,NDA,False,False,East/West Medinipur,Medinipur,Purba Medinipur,9240,21501.70648464164,30741.70648464164,0,False,0.9767954526131685
217,Akhil Giri,AITC,Swadesh Ranjan Nayak,BJP,12517,DR. CHANDRA SEKHAR MONDAL,Bharatiya Janata Party,AKHIL GIRI,All India Trinamool Congress,26939,AITC,BJP,BJP,AITC,Ramnagar,Others,NDA,True,True,East/West Medinipur,Medinipur,Purba Medinipur,9240,21501.70648464164,30741.70648464164,1,True,1.1411598977186102
218,Tarun Kumar Maity,AITC,Arup Dash,BJP,18491,ADHIKARI DIBYENDU,Bharatiya Janata Party,TARUN KUMAR MAITY,All India Trinamool Congress,25692,AITC,BJP,BJP,AITC,Egra,Others,NDA,True,True,East/West Medinipur,Medinipur,Purba Medinipur,9240,21501.70648464164,30741.70648464164,1,True,1.1965478158431277
219,Bikram Chandra Pradhan,AITC,Saktipada Nayak,BJP,775,AJIT KUMAR JANA,Bharatiya Janata Party,MANIK MAITI,All India Trinamool Congress,10376,AITC,BJP,BJP,AITC,Dantan,Others,NDA,True,True,East/West Medinipur,Medinipur,Purba Medinipur,9240,21501.70648464164,30741.70648464164,1,True,2.962770478473558
220,Dulal Murmu,AITC,Bakul Murmu,BJP,22736,AMIYA KISKU,Bharatiya Janata Party,DULAL MURMU,All India Trinamool Congress,6424,AITC,BJP,BJP,AITC,Nayagram,Others,NDA,True,True,East/West Medinipur,Medinipur,Purba Medinipur,9240,21501.70648464164,30741.70648464164,1,True,4.785446214919308
221,Dr. Khagendra Nath Mahata,AITC,Sanjit Mahata,BJP,23604,RAJESH MAHATA,Bharatiya Janata Party,AJIT MAHATA,All India Trinamool Congress,26675,AITC,BJP,BJP,AITC,Gopiballavpur,Others,NDA,True,True,East/West Medinipur,Medinipur,Purba Medinipur,9240,21501.70648464164,30741.70648464164,1,True,1.152453851345516
222,Birbaha Hansda,AITC,Sukhamay Satpathy (Jahar),BJP,37996,LAKSHMI KANTA SAU,Bharatiya Janata Party,MONGAL SAREN,All India Trinamool Congress,38147,AITC,BJP,BJP,AITC,Jhargram,Others,NDA,True,True,East/West Medinipur,Medinipur,Purba Medinipur,9240,21501.70648464164,30741.70648464164,1,False,0.805874812819924
223,Paresh Murmu,AITC,Sonali Murmu,BJP,15330,BHADRA HEMRAM,Bharatiya Janata Party,RAMJIBAN MANDI,All India Trinamool Congress,15887,AITC,BJP,BJP,AITC,Keshiary,Others,NDA,True,True,East/West Medinipur,Medinipur,Purba Medinipur,9240,21501.70648464164,30741.70648464164,1,True,1.9350227534866016
224,Hiran Chatterjee,BJP,Pradip Sarkar,AITC,3771,DILIP GHOSH,Bharatiya Janata Party,PRADIP SARKAR,All India Trinamool Congress,30506,BJP,AITC,BJP,AITC,Kharagpur Sadar,NDA,NDA,False,False,East/West Medinipur,Medinipur,Purba Medinipur,9240,21501.70648464164,30741.70648464164,0,True,1.007726561484352
225,Suryakanta Atta,AITC,Ramprasad Giri,BJP,2416,GIRI RAMAPRASAD,Bharatiya Janata Party,PRATIBHA MAITI,All India Trinamool Congress,20367,AITC,BJP,BJP,AITC,Narayangarh,Others,NDA,True,True,East/West Medinipur,Medinipur,Purba Medinipur,9240,21501.70648464164,30741.70648464164,1,True,1.5093880534512516
226,Manas Bhunia,AITC,Amulya Maity,BJP,9864,AMAL KUMAR PANDA,Bharatiya Janata Party,MANAS RANJAN BHUNIA,All India Trinamool Congress,11136,AITC,BJP,BJP,AITC,Sabang,Others,NDA,True,True,West Medinipur/Jhargram,South West Bengal,Paschim Medinipur,9240,21501.70648464164,30741.70648464164,1,True,2.7605699070260092
227,Ajit Maity,AITC,Antara Bhattacharya,BJP,6656,SWAGATA MANNA,Bharatiya Janata Party,AJIT MAITY,All India Trinamool Congress,18480,AITC,BJP,BJP,AITC,Pingla,Others,NDA,True,True,West Medinipur/Jhargram,South West Bengal,Paschim Medinipur,9240,21501.70648464164,30741.70648464164,1,True,1.6635122556624264
228,Dinen Ray,AITC,Tapan Bhuiya,BJP,36230,DINEN ROY,All India Trinamool Congress,TAPAN BHUYA,Bharatiya Janata Party,2872,AITC,BJP,AITC,BJP,Kharagpur,Others,Others,False,False,West Medinipur/Jhargram,South West Bengal,Paschim Medinipur,9240,21501.70648464164,30741.70648464164,0,True,10.703936798273551
229,Humayun Kabir,AITC,Bharati Ghosh,BJP,11226,SUBHASHIS OM,Bharatiya Janata Party,RAJIB BANERJEE,All India Trinamool Congress,28801,AITC,BJP,BJP,AITC,Debra,Others,NDA,True,True,West Medinipur/Jhargram,South West Bengal,Paschim Medinipur,9240,21501.70648464164,30741.70648464164,1,True,1.067383302129844
230,Mamata Bhunia,AITC,Prashanth Bera,BJP,26842,TAPAN KUMAR DUTTA,Bharatiya Janata Party,ASHIS HUDAIT,All India Trinamool Congress,32134,AITC,BJP,BJP,AITC,Daspur,Others,NDA,True,True,West Medinipur/Jhargram,South West Bengal,Paschim Medinipur,9240,21501.70648464164,30741.70648464164,1,False,0.9566722625456414
231,Shital Kapat,BJP,Shankar Dolai,AITC,966,SITAL KAPAT,Bharatiya Janata Party,SHYAMALI SARDAR,All India Trinamool Congress,37657,BJP,AITC,BJP,AITC,Ghatal,NDA,NDA,False,False,West Medinipur/Jhargram,South West Bengal,Paschim Medinipur,9240,21501.70648464164,30741.70648464164,0,False,0.8163610081695738
232,Arup Dhara,AITC,Shibram Das,BJP,11281,SUKANTA DOLUI,Bharatiya Janata Party,DOLOI SURJYA KANTA,All India Trinamool Congress,33481,AITC,BJP,BJP,AITC,Chandrakona,Others,NDA,True,True,West Medinipur/Jhargram,South West Bengal,Paschim Medinipur,9240,21501.70648464164,30741.70648464164,1,False,0.9181836410095767
233,Uttara Singha,AITC,Madan Ruidas,BJP,10572,PRADIP LODHA,Bharatiya Janata Party,UTTARA SINGHA (HAZRA),All India Trinamool Congress,26225,AITC,BJP,BJP,AITC,Garbeta,Others,NDA,True,True,West Medinipur/Jhargram,South West Bengal,Paschim Medinipur,9240,21501.70648464164,30741.70648464164,1,True,1.172229036592627
234,Srikanta Mahata,AITC,Rajib Kundu,BJP,32644,BIMAN MAHATA,Bharatiya Janata Party,SRIKANTA MAHATA,All India Trinamool Congress,15243,AITC,BJP,BJP,AITC,Salboni,Others,NDA,True,True,West Medinipur/Jhargram,South West Bengal,Paschim Medinipur,9240,21501.70648464164,30741.70648464164,1,True,2.0167753384925304
235,Siuli Saha,AITC,Pritish Ranjan,BJP,20720,SEULI SAHA,All India Trinamool Congress,SUVENDU SAMANTA,Bharatiya Janata Party,50105,AITC,BJP,AITC,BJP,Keshpur,Others,Others,False,False,West Medinipur/Jhargram,South West Bengal,Paschim Medinipur,9240,21501.70648464164,30741.70648464164,0,False,0.6135456837569432
236,June Malia,AITC,Shamit Dash,BJP,24397,SANKAR KUMAR GUCHHAIT,Bharatiya Janata Party,SUJOY HAZRA,All India Trinamool Congress,38747,AITC,BJP,BJP,AITC,Medinipur,Others,NDA,True,True,West Medinipur/Jhargram,South West Bengal,Paschim Medinipur,9240,21501.70648464164,30741.70648464164,1,False,0.7933957850837907
237,Debnath Hansda,AITC,Palan Saren,BJP,39573,DR. PRANAT TUDU,Bharatiya Janata Party,BIRBAHA HANSDA,All India Trinamool Congress,22977,AITC,BJP,BJP,AITC,Binpur,Others,NDA,True,True,West Medinipur/Jhargram,South West Bengal,Paschim Medinipur,9240,21501.70648464164,30741.70648464164,1,True,1.3379338679828368
238,Rajib Lochan Saren,AITC,Parsi Murmu,BJP,18885,LABSEN BASKEY,Bharatiya Janata Party,RAJIB LOCHAN SAREN,All India Trinamool Congress,29577,AITC,BJP,BJP,AITC,Bandwan,Others,NDA,True,True,West Medinipur/Jhargram,South West Bengal,Paschim Medinipur,9240,21501.70648464164,30741.70648464164,1,True,1.0393787904331622
239,Baneswar Mahato,BJP,Shantiram Mahato,AITC,273,JALADHAR MAHATO,Bharatiya Janata Party,SHANTIRAM MAHATO,All India Trinamool Congress,35051,BJP,AITC,BJP,AITC,Balarampur,NDA,NDA,False,False,West Medinipur/Jhargram,South West Bengal,Paschim Medinipur,9240,21501.70648464164,30741.70648464164,0,False,0.8770564744127597
240,Sushanta Mahato,AITC,Ashutosh Mahato,AJSU,13735,RAHIDAS MAHATO,Bharatiya Janata Party,SUSHANTA MAHATO,All India Trinamool Congress,40817,AITC,AJSU,BJP,AITC,Baghmundi,Others,NDA,True,True,West Medinipur/Jhargram,South West Bengal,Paschim Medinipur,9240,21501.70648464164,30741.70648464164,1,False,0.7531593817439214
241,Narahari Mahato,BJP,Phanibhushan Kumar,INC,12102,BISWAJIT MAHATO,Bharatiya Janata Party,ARJUN MAHATO,All India Trinamool Congress,22218,BJP,INC,BJP,AITC,Joypur,NDA,NDA,False,False,West Medinipur/Jhargram,South West Bengal,Paschim Medinipur,9240,21501.70648464164,30741.70648464164,0,True,1.3836396833487101
242,Sudip Kumar Mukherjee,BJP,Sujoy Banerjee,AITC,6585,SUDIP KUMAR MUKHERJEE,Bharatiya Janata Party,SUJOY BANERJEE,All India Trinamool Congress,49253,BJP,AITC,BJP,AITC,Purulia,NDA,NDA,False,False,West Medinipur/Jhargram,South West Bengal,Paschim Medinipur,9240,21501.70648464164,30741.70648464164,0,False,0.624159066140979
243,Sandhyarani Tudu,AITC,Gouri Singh Sardar,BJP,15490,MAYNA MURMU,Bharatiya Janata Party,SANDHYA RANI TUDU,All India Trinamool Congress,27283,AITC,BJP,BJP,AITC,Manbazar,Others,NDA,True,True,West Medinipur/Jhargram,South West Bengal,Paschim Medinipur,9240,21501.70648464164,30741.70648464164,1,True,1.1267714871766903
244,Kamalakanta Hansda,BJP,Swapan Kumar Beltharia,AITC,7240,KAMALA KANTA HANSDA,Bharatiya Janata Party,SOUMEN BELTHARIA,All India Trinamool Congress,21276,BJP,AITC,BJP,AITC,Kashipur,NDA,NDA,False,False,West Medinipur/Jhargram,South West Bengal,Paschim Medinipur,9240,21501.70648464164,30741.70648464164,0,True,1.4449006619966929
245,Nadiar Chand Bouri,BJP,Umapada Bauri,AITC,3944,NADIAR CHAND BOURI,Bharatiya Janata Party,MANIK CHANDRA BAURI,All India Trinamool Congress,33721,BJP,AITC,BJP,AITC,Para,NDA,NDA,False,False,West Medinipur/Jhargram,South West Bengal,Paschim Medinipur,9240,21501.70648464164,30741.70648464164,0,False,0.911648719926504
246,Vivekananda Bauri,BJP,Bouri Hazari,AITC,5323,MAMONI BAURI,Bharatiya Janata Party,HAZARI BOURI,All India Trinamool Congress,44059,BJP,AITC,BJP,AITC,Raghunathpur,NDA,NDA,False,False,Purulia/Bankura,South West Bengal,Purulia,9240,21501.70648464164,30741.70648464164,0,False,0.697739542083153
247,Chandana Bauri,BJP,Santosh Kumar Mondal,AITC,4145,CHANDANA BAURI,Bharatiya Janata Party,UTTAM BAURI,All India Trinamool Congress,32135,BJP,AITC,BJP,AITC,Saltora,NDA,NDA,False,False,Purulia/Bankura,South West Bengal,Purulia,9240,21501.70648464164,30741.70648464164,0,False,0.956642492131372
248,Satyanarayan Mukhopadhyay,BJP,Subasish Batabyal,AITC,7164,SATYANARAYAN MUKHOPADHYAY,Bharatiya Janata Party,SWAPAN KUMAR MONDAL,All India Trinamool Congress,47174,BJP,AITC,BJP,AITC,Chhatna,NDA,NDA,False,False,Purulia/Bankura,South West Bengal,Purulia,9240,21501.70648464164,30741.70648464164,0,False,0.6516663095061186
249,Jyotsna Mandi,AITC,Kshudiram Tudu,BJP,3939,KSHUDIRAM TUDU,Bharatiya Janata Party,TANUSHREE HANSDA,All India Trinamool Congress,52269,AITC,BJP,BJP,AITC,Ranibandh,Others,NDA,True,True,Purulia/Bankura,South West Bengal,Purulia,9240,21501.70648464164,30741.70648464164,1,False,0.5881441482454541
250,Mrityunjoy Murmu,AITC,Sudhanshu Hansda,BJP,19398,KSHETRAMOHAN HANSDA,Bharatiya Janata Party,THAKURMANI SAREN,All India Trinamool Congress,28742,AITC,BJP,BJP,AITC,Raipur,Others,NDA,True,True,Purulia/Bankura,South West Bengal,Purulia,9240,21501.70648464164,30741.70648464164,1,True,1.0695743679855834
251,Arup Chakraborty,AITC,Shyamal Kumar Sarkar,BJP,12377,SOUVIK PATRA,Bharatiya Janata Party,FALGUNI SINGHABABU,All India Trinamool Congress,50073,AITC,BJP,BJP,AITC,Taldangra,Others,NDA,True,True,Purulia/Bankura,South West Bengal,Purulia,9240,21501.70648464164,30741.70648464164,1,False,0.6139377805332542
252,Niladri Sekhar Dana,BJP,Sayantika Banerjee,AITC,1468,NILADRI SEKHAR DANA,Bharatiya Janata Party,DR. ANUP MANDAL,All India Trinamool Congress,54177,BJP,AITC,BJP,AITC,Bankura,NDA,NDA,False,False,Purulia/Bankura,South West Bengal,Purulia,9240,21501.70648464164,30741.70648464164,0,False,0.5674309482740211
253,Alok Mukherjee,AITC,Supriti Chatterjee,BJP,3269,BILLESWAR SINHA,Bharatiya Janata Party,GOUTAM MISHRA (SHYAM),All India Trinamool Congress,41310,AITC,BJP,BJP,AITC,Barjora,Others,NDA,True,True,Purulia/Bankura,South West Bengal,Purulia,9240,21501.70648464164,30741.70648464164,1,False,0.7441710599041791
254,Amarnath Shakha,BJP,Arup Kumar Khan,AITC,11551,AMARNATH SHAKHA,Bharatiya Janata Party,SUBRATA DUTTA (GOPI),All India Trinamool Congress,31723,BJP,AITC,BJP,AITC,Onda,NDA,NDA,False,False,Purulia/Bankura,South West Bengal,Purulia,9240,21501.70648464164,30741.70648464164,0,False,0.9690668122384907
255,Tanmay Ghosh,BJP,Archita Bid,AITC,11133,SHUKLA CHATTERJEE,Bharatiya Janata Party,TANMAY GHOSH (BUMBA),All India Trinamool Congress,30605,BJP,AITC,BJP,AITC,Bishnupur,NDA,NDA,False,False,Purulia/Bankura,South West Bengal,Purulia,9240,21501.70648464164,30741.70648464164,0,True,1.004466802308173
256,Harakali Protiher,BJP,Sangeeta Malik,AITC,11785,LAKSHMI KANTA MAJUMDAR,Bharatiya Janata Party,HARAKALI PROTIHER,All India Trinamool Congress,34367,BJP,AITC,BJP,AITC,Katulpur,NDA,NDA,False,False,Purulia/Bankura,South West Bengal,Purulia,9240,21501.70648464164,30741.70648464164,0,False,0.8945123660674962
257,Nirmal Kumar Dhara,BJP,Runu Mete,AITC,7220,NIRMAL KUMAR DHARA,Bharatiya Janata Party,SHYAMALI ROY BAGDI,All India Trinamool Congress,900,BJP,AITC,BJP,AITC,Indas,NDA,NDA,False,False,Purulia/Bankura,South West Bengal,Purulia,9240,21501.70648464164,30741.70648464164,0,True,34.157451649601825
258,Dibakar Gharami,BJP,Dr Shyamal Santra,AITC,10888,DIBAKAR GHARAMI,Bharatiya Janata Party,KALLOL SAHA,All India Trinamool Congress,29410,BJP,AITC,BJP,AITC,Sonamukhi,NDA,NDA,False,False,Purulia/Bankura,South West Bengal,Purulia,9240,21501.70648464164,30741.70648464164,0,True,1.0452807373220552
259,Nabin Chandra Bag,AITC,Bijan Mandal,BJP,20886,NABIN CHANDRA BAG,All India Trinamool Congress,GOUTAM DHARA,Bharatiya Janata Party,8284,AITC,BJP,AITC,BJP,Khandaghosh,Others,Others,False,False,Purulia/Bankura,South West Bengal,Purulia,9240,21501.70648464164,30741.70648464164,0,True,3.710973742713863
260,Khokan Das,AITC,Sandip Nandi,BJP,8105,MOUMITA BISWAS MISRA,Bharatiya Janata Party,KHOKAN DAS,All India Trinamool Congress,30470,AITC,BJP,BJP,AITC,Bardhaman Dakshin,Others,NDA,True,True,Purulia/Bankura,South West Bengal,Purulia,9240,21501.70648464164,30741.70648464164,1,True,1.0089171803295582
261,Shampa Dhara,AITC,Manik Roy,BJP,18205,SUBHASH PATRA,Bharatiya Janata Party,MANDIRA DALUI,All India Trinamool Congress,834,AITC,BJP,BJP,AITC,Raina,Others,NDA,True,True,Bankura/West Bardhaman,Burdwan,Bankura,9240,21501.70648464164,30741.70648464164,1,True,36.86055933410269
262,Alok Kumar Majhi,AITC,Balaram Bapari,BJP,17971,ARUN HALDER,Bharatiya Janata Party,BHUTNATH MALIK,All India Trinamool Congress,11178,AITC,BJP,BJP,AITC,Jamalpur,Others,NDA,True,True,Bankura/West Bardhaman,Burdwan,Bankura,9240,21501.70648464164,30741.70648464164,1,True,2.7501973952980534
263,Chowdhury Siddiqullah,AITC,Saikat Panja,BJP,31805,SAIKAT PANJA,Bharatiya Janata Party,CHOWDHURI SIDDIQULLAH,All India Trinamool Congress,14798,AITC,BJP,BJP,AITC,Manteswar,Others,NDA,True,True,Bankura/West Bardhaman,Burdwan,Bankura,9240,21501.70648464164,30741.70648464164,1,True,2.0774230628896904
264,Deboprasad Bag (Poltu),AITC,Biswajit Kundu,BJP,7478,SIDDHARTHA MAJUMDAR,Bharatiya Janata Party,DEBO PRASAD BAG (POLTU),All India Trinamool Congress,28630,AITC,BJP,BJP,AITC,Kalna,Others,NDA,True,True,Bankura/West Bardhaman,Burdwan,Bankura,9240,21501.70648464164,30741.70648464164,1,True,1.073758521992373
265,Madhusudan Bhattacharya,AITC,Bhismadeb Bhattacharya,BJP,23078,MANAB GUHA,Bharatiya Janata Party,RASH BIHARI HALDER,All India Trinamool Congress,7106,AITC,BJP,BJP,AITC,Memari,Others,NDA,True,True,Bankura/West Bardhaman,Burdwan,Bankura,9240,21501.70648464164,30741.70648464164,1,True,4.326161903270706
266,Nisith Kumar Malik,AITC,Radha Kanta Roy,BJP,17268,NISITH KUMAR MALIK,All India Trinamool Congress,SANJOY DAS,Bharatiya Janata Party,6460,AITC,BJP,AITC,BJP,Bardhaman Uttar,Others,Others,False,False,Bankura/West Bardhaman,Burdwan,Bankura,9240,21501.70648464164,30741.70648464164,0,True,4.758778093597777
267,Adhikari Mangobinda,AITC,Mahendranath Kowar,BJP,31741,KARFA SOUMEN,Bharatiya Janata Party,KONER SHANTANU,All India Trinamool Congress,6528,AITC,BJP,BJP,AITC,Bhatar,Others,NDA,True,True,Bankura/West Bardhaman,Burdwan,Bankura,9240,21501.70648464164,30741.70648464164,1,True,4.7092074884561335
268,Swapan Debnath,AITC,Rajib Kumar Bhowmick,BJP,17410,PRAN KRISHNA TAPADAR,Bharatiya Janata Party,SWAPAN DEBNATH,All India Trinamool Congress,16662,AITC,BJP,BJP,AITC,Purbasthali Dakshin,Others,NDA,True,True,Bankura/West Bardhaman,Burdwan,Bankura,9240,21501.70648464164,30741.70648464164,1,True,1.8450189943969295
269,Tapan Chatterjee,AITC,Gobardhan Das,BJP,6706,GOPAL CHATTOPADHYAY,Bharatiya Janata Party,VASUNDHARA GOSWAMI,All India Trinamool Congress,30226,AITC,BJP,BJP,AITC,Purbasthali Uttar,Others,NDA,True,True,Bankura/West Bardhaman,Burdwan,Bankura,9240,21501.70648464164,30741.70648464164,1,True,1.0170616847959253
270,Rabindranath Chatterjee,AITC,Shyama Majumdar,BJP,9155,KRISHNA GHOSH,Bharatiya Janata Party,RABINDRANATH CHATTERJEE,All India Trinamool Congress,35066,AITC,BJP,BJP,AITC,Katwa,Others,NDA,True,True,Bankura/West Bardhaman,Burdwan,Bankura,9240,21501.70648464164,30741.70648464164,1,False,0.8766813005373193
271,Sekh Sahonawez,AITC,Anadi Ghosh (Mathura),BJP,12683,ANADI GHOSH,Bharatiya Janata Party,SEKH SAHONAWEZ,All India Trinamool Congress,27610,AITC,BJP,BJP,AITC,Ketugram,Others,NDA,True,True,Bankura/West Bardhaman,Burdwan,Bankura,9240,21501.70648464164,30741.70648464164,1,True,1.113426529686405
272,Apurba Chowdhury (Achal),AITC,Rana Protap Goswami,BJP,22337,SHISHIR GHOSH,Bharatiya Janata Party,APURBA CHOWDHURY (ACHAL),All India Trinamool Congress,12723,AITC,BJP,BJP,AITC,Mangalkot,Others,NDA,True,True,Bankura/West Bardhaman,Burdwan,Bankura,9240,21501.70648464164,30741.70648464164,1,True,2.4162309584721875
273,Abhedananda Thander,AITC,Kalita Maji,BJP,11815,KALITA MAJI,Bharatiya Janata Party,SHYAMA PRASANNA LOHAR,All India Trinamool Congress,12535,AITC,BJP,BJP,AITC,Ausgram,Others,NDA,True,True,Bankura/West Bardhaman,Burdwan,Bankura,9240,21501.70648464164,30741.70648464164,1,True,2.452469603880466
274,Nepal Ghorui,AITC,Bikash Biswas,BJP,19262,RAJU PATRA,Bharatiya Janata Party,ALOK KUMAR MAJHI,All India Trinamool Congress,10494,AITC,BJP,BJP,AITC,Galsi,Others,NDA,True,True,Bankura/West Bardhaman,Burdwan,Bankura,9240,21501.70648464164,30741.70648464164,1,True,2.9294555445627632
275,Narendranath Chakraborty,AITC,Jitendra Tiwari,BJP,3803,JITENDRA KUMAR TEWARI,Bharatiya Janata Party,NARENDRANATH CHAKRABORTY,All India Trinamool Congress,1398,AITC,BJP,BJP,AITC,Pandaveswar,Others,NDA,True,True,Bankura/West Bardhaman,Burdwan,Bankura,9240,21501.70648464164,30741.70648464164,1,True,21.98977574008701
276,Pradip Mazumdar,AITC,ColonelDiptansu Chaudhury,BJP,3746,CHANDRA SEKHAR BANERJEE,Bharatiya Janata Party,PRADIP MAZUMDAR,All India Trinamool Congress,30934,AITC,BJP,BJP,AITC,Durgapur Purba,Others,NDA,True,True,West/East Bardhaman,Burdwan,Purba Bardhaman,13113,21501.70648464164,34614.70648464164,1,True,1.118985791835574
277,Lakshman Chandra Ghorui,BJP,Biswanath Parial,AITC,14664,LAKSHMAN CHANDRA GHORUI,Bharatiya Janata Party,KABI DUTTA,All India Trinamool Congress,37598,BJP,AITC,BJP,AITC,Durgapur Paschim,NDA,NDA,False,False,West/East Bardhaman,Burdwan,Purba Bardhaman,13113,21501.70648464164,34614.70648464164,0,False,0.9206528667652971
278,Tapas Banerjee,AITC,Dr. Bijan Mukherjee,BJP,3556,PARTHA GHOSH,Bharatiya Janata Party,KALOBARAN MONDAL,All India Trinamool Congress,17786,AITC,BJP,BJP,AITC,Raniganj,Others,NDA,True,True,West/East Bardhaman,Burdwan,Purba Bardhaman,13113,21501.70648464164,34614.70648464164,1,True,1.946177132837155
279,Hareram Singh,AITC,Tapas Kumar Roy,BJP,8051,DR. BIJAN MUKHERJEE,Bharatiya Janata Party,HARERAM SINGH,All India Trinamool Congress,22514,AITC,BJP,BJP,AITC,Jamuria,Others,NDA,True,True,West/East Bardhaman,Burdwan,Purba Bardhaman,13113,21501.70648464164,34614.70648464164,1,True,1.5374747483628692
280,Agnimitra Paul,BJP,Sayani Ghosh,AITC,4487,AGNIMITRA PAUL,Bharatiya Janata Party,TAPAS BANERJEE,All India Trinamool Congress,40839,BJP,AITC,BJP,AITC,Asansol Dakshin,NDA,NDA,False,False,West/East Bardhaman,Burdwan,Purba Bardhaman,13113,21501.70648464164,34614.70648464164,0,False,0.8475894729215123
281,Moloy Ghatak,AITC,Krishnendu Mukherjee,BJP,21110,KRISHNENDU MUKHERJEE,Bharatiya Janata Party,MOLOY GHATAK,All India Trinamool Congress,11615,AITC,BJP,BJP,AITC,Asansol Uttar,Others,NDA,True,True,West/East Bardhaman,Burdwan,Purba Bardhaman,13113,21501.70648464164,34614.70648464164,1,True,2.9801727494310493
282,Ajay Kumar Poddar,BJP,Ujjal Chatterjee,AITC,679,AJAY KUMAR PODDAR,Bharatiya Janata Party,ABHIJIT GHATAK,All India Trinamool Congress,26498,BJP,AITC,BJP,AITC,Kulti,NDA,NDA,False,False,West/East Bardhaman,Burdwan,Purba Bardhaman,13113,21501.70648464164,34614.70648464164,0,True,1.3063139287735541
283,Bidhan Upadhyay,AITC,Arijit Roy,BJP,23457,ARIJIT ROY,Bharatiya Janata Party,BIDHAN UPADHYAY,All India Trinamool Congress,11722,AITC,BJP,BJP,AITC,Barabani,Others,NDA,True,True,West/East Bardhaman,Burdwan,Purba Bardhaman,13113,21501.70648464164,34614.70648464164,1,True,2.952969329861938
284,Anup Kumar Saha,BJP,Debabrata Saha,AITC,3863,ANUP KUMAR SAHA,Bharatiya Janata Party,NARESH CHANDRA BAURI,All India Trinamool Congress,27647,BJP,AITC,BJP,AITC,Dubrajpur,NDA,NDA,False,False,West/East Bardhaman,Burdwan,Purba Bardhaman,13113,21501.70648464164,34614.70648464164,0,True,1.2520239622614258
285,Bikash Roychoudhury,AITC,Jagannath Chattopadhyay,BJP,7320,JAGANNATH CHATTOPADHYAY,Bharatiya Janata Party,UJJAL CHATTERJEE,All India Trinamool Congress,28686,AITC,BJP,BJP,AITC,Suri,Others,NDA,True,True,West/East Bardhaman,Burdwan,Purba Bardhaman,13113,21501.70648464164,34614.70648464164,1,True,1.2066759563773841
286,Sinha Chandranath,AITC,Anirban Ganguly,BJP,22280,CHANDRANATH SINHA,All India Trinamool Congress,DILIP GHOSH,Bharatiya Janata Party,13188,AITC,BJP,AITC,BJP,Bolpur,Others,Others,False,False,West/East Bardhaman,Burdwan,Purba Bardhaman,13113,21501.70648464164,34614.70648464164,0,True,2.624712350973737
287,Bidhan Chandra Majhi,AITC,Tarakeswar Saha,BJP,6670,BIDHAN CHANDRA MAJHI,All India Trinamool Congress,KHOKAN DAS,Bharatiya Janata Party,8122,AITC,BJP,AITC,BJP,Nanoor,Others,Others,False,False,West/East Bardhaman,Burdwan,Purba Bardhaman,13113,21501.70648464164,34614.70648464164,0,True,4.261845171711603
288,Abhijit Sinha (Rana),AITC,Biswajit Mondal,BJP,17975,DEBASIS OJHA (HAKU DA),Bharatiya Janata Party,ABHIJIT SINHA (RANA),All India Trinamool Congress,3550,AITC,BJP,BJP,AITC,Labpur,Others,NDA,True,True,West/East Bardhaman,Burdwan,Purba Bardhaman,13113,21501.70648464164,34614.70648464164,1,True,9.750621544969476
289,Nilabati Saha,AITC,Piya Saha,BJP,15243,KRISHNA KANTA SAHA,Bharatiya Janata Party,NILABATI SAHA,All India Trinamool Congress,10306,AITC,BJP,BJP,AITC,Sainthia,Others,NDA,True,True,West/East Bardhaman,Burdwan,Purba Bardhaman,13113,21501.70648464164,34614.70648464164,1,True,3.3586945938910966
290,Abhijit Roy,AITC,Shyamapada Mondal,BJP,12075,DUDH KUMAR MONDAL,Bharatiya Janata Party,ABHIJIT ROY,All India Trinamool Congress,21002,AITC,BJP,BJP,AITC,Mayureswar,Others,NDA,True,True,West/East Bardhaman,Burdwan,Purba Bardhaman,13113,21501.70648464164,34614.70648464164,1,True,1.6481623885649765
291,Asish Banerjee,AITC,Subhasis Choudhury (Khokan),BJP,8472,DHRUBA SAHA,Bharatiya Janata Party,ASISH BANERJEE,All India Trinamool Congress,24233,AITC,BJP,BJP,AITC,Rampurhat,Others,NDA,True,True,Birbhum/Murshidabad,North Bengal,Birbhum,9240,21501.70648464164,30741.70648464164,1,True,1.2685885562927264
292,Dr. Asok Kumar Chattopadhyay,AITC,Nikhil Banerjee,BJP,50613,FAYEZUL HAQUE (KAJAL SK),All India Trinamool Congress,NIKHIL BANERJEE,Bharatiya Janata Party,28298,AITC,BJP,AITC,BJP,Hansan,Others,Others,False,False,Birbhum/Murshidabad,North Bengal,Birbhum,9240,21501.70648464164,30741.70648464164,0,True,1.086356155369342
293,Rajendra Prasad Singh (Raju Singh),AITC,Tapas Kumar Yadav (Ananda Yadav),BJP,56905,RAJENDRA PRASAD SINGH(RAJU SINGH),All India Trinamool Congress,ANIL KUMAR SINGH,Bharatiya Janata Party,13446,AITC,BJP,AITC,BJP,Nalhati,Others,Others,False,False,Birbhum/Murshidabad,North Bengal,Birbhum,9240,21501.70648464164,30741.70648464164,0,True,2.2863086780188637
294,Dr Mosarraf Hossain,AITC,Debasish Roy,BJP,98246,DR. MOSARRAF HOSSAIN,All India Trinamool Congress,SANJIBUR RAHAMAN (BAPPA),Indian National Congress,37705,AITC,BJP,AITC,INC,Murarai,Others,Others,False,False,Birbhum/Murshidabad,North Bengal,Birbhum,9240,21501.70648464164,30741.70648464164,0,False,0.8153217473714797
